Anilla,NombreComun,NombreEspecie,Familia,Orden,Grupo,E,S,G,Ala,Peso,Dia,Mes,Año,Hora.C,Hora.F,Lugar,Municipio,Provincia,Anillador,Observaciones,FECHA,Observaciones simple
3062713,Corn Bunting,Emberiza calandra,Emberizidae (Old World Buntings),Passeriformes,Old World Buntings,2,0,0.0,92.0,41.0,21,12,1991,,,Cantaritas,Puebla del Rio,Sevilla,Manuel Vazquez,,1991-12-21,control
4098891,Lesser Kestrel,Falco naumanni,Falconidae (Falcons and Caracaras),Falconiformes,Falcons and Caracaras,3,0,,,,29,6,2004,,,La Cartuja,Jerez de la Frontera,Cadiz,Otro,,2004-06-29,control
4098892,Lesser Kestrel,Falco naumanni,Falconidae (Falcons and Caracaras),Falconiformes,Falcons and Caracaras,3,0,,,,30,6,2004,,,La Cartuja,Jerez de la Frontera,Cadiz,Otro,,2004-06-30,control
4098895,Lesser Kestrel,Falco naumanni,Falconidae (Falcons and Caracaras),Falconiformes,Falcons and Caracaras,3,0,,,,4,7,2004,,,La Cartuja,Jerez de la Frontera,Cadiz,Otro,,2004-07-04,control
5007300,Eurasian Kestrel,Falco tinnunculus,Falconidae (Falcons and Caracaras),Falconiformes,Falcons and Caracaras,4,2,,,,30,11,1991,,,Puebla del Rio,Puebla del Rio,Sevilla,Cazador,Cazada con escopeta,1991-11-30,muerto
5080011,Eurasian Kestrel,Falco tinnunculus,Falconidae (Falcons and Caracaras),Falconiformes,Falcons and Caracaras,4,1,,255.0,230.0,20,12,2005,,,La Fao,Aznalcazar,Sevilla,JL del Valle,,2005-12-20,control
2169202,Common Kingfisher,Alcedo atthis,Alcedinidae (Kingfishers),Coraciiformes,Kingfishers,3,2,1.0,,,2,8,1987,6.0,7.0,Huerta Daniel,Puebla del Rio,Sevilla,Manuel Vazquez,,1987-08-02,control
2219990,Common Kingfisher,Alcedo atthis,Alcedinidae (Kingfishers),Coraciiformes,Kingfishers,3,2,2.0,76.0,38.0,14,12,1988,18.0,19.0,Lucio Poco Abrigo,Puebla del Rio,Sevilla,Manuel Vazquez,,1988-12-14,control
2219994,Common Kingfisher,Alcedo atthis,Alcedinidae (Kingfishers),Coraciiformes,Kingfishers,3,2,4.0,76.0,39.5,26,12,1988,18.0,19.0,Lucio Poco Abrigo,Puebla del Rio,Sevilla,Manuel Vazquez,,1988-12-26,control
2220911,Common Kingfisher,Alcedo atthis,Alcedinidae (Kingfishers),Coraciiformes,Kingfishers,3,0,,,,1,7,1990,7.0,8.0,Lucio Poco Abrigo,Puebla del Rio,Sevilla,Manuel Vazquez,,1990-07-01,control
2220911,Common Kingfisher,Alcedo atthis,Alcedinidae (Kingfishers),Coraciiformes,Kingfishers,3,1,1.0,,,15,7,1990,9.0,10.0,Lucio Poco Abrigo,Puebla del Rio,Sevilla,Manuel Vazquez,,1990-07-15,control
2220911,Common Kingfisher,Alcedo atthis,Alcedinidae (Kingfishers),Coraciiformes,Kingfishers,3,0,2.0,78.5,36.0,1,11,1990,18.0,19.0,Lucio Poco Abrigo,Puebla del Rio,Sevilla,Manuel Vazquez,,1990-11-01,control
2220911,Common Kingfisher,Alcedo atthis,Alcedinidae (Kingfishers),Coraciiformes,Kingfishers,3,1,2.0,,,16,12,1990,16.0,17.0,Lucio Poco Abrigo,Puebla del Rio,Sevilla,Manuel Vazquez,,1990-12-16,control
229711,Bank Swallow,Riparia riparia,Hirundinidae (Swallows),Passeriformes,Martins and Swallows,4,0,,,,15,5,1988,5.0,6.0,La Isleta,Puebla del Rio,Sevilla,Manuel Vazquez,,1988-05-15,control
229729,Bank Swallow,Riparia riparia,Hirundinidae (Swallows),Passeriformes,Martins and Swallows,4,2,3.0,,,31,3,1988,5.0,6.0,La Isleta,Puebla del Rio,Sevilla,Manuel Vazquez,,1988-03-31,control
229743,Bank Swallow,Riparia riparia,Hirundinidae (Swallows),Passeriformes,Martins and Swallows,4,0,2.0,,,31,3,1988,5.0,6.0,La Isleta,Puebla del Rio,Sevilla,Manuel Vazquez,,1988-03-31,control
229738,Bank Swallow,Riparia riparia,Hirundinidae (Swallows),Passeriformes,Martins and Swallows,4,0,1.0,,,31,3,1988,5.0,6.0,La Isleta,Puebla del Rio,Sevilla,Manuel Vazquez,,1988-03-31,control
229788,Bank Swallow,Riparia riparia,Hirundinidae (Swallows),Passeriformes,Martins and Swallows,4,1,,,,15,5,1988,5.0,6.0,La Isleta,Puebla del Rio,Sevilla,Manuel Vazquez,,1988-05-15,control
229823,Bank Swallow,Riparia riparia,Hirundinidae (Swallows),Passeriformes,Martins and Swallows,4,2,0.0,,,15,5,1988,5.0,6.0,La Isleta,Puebla del Rio,Sevilla,Manuel Vazquez,,1988-05-15,control
229838,Bank Swallow,Riparia riparia,Hirundinidae (Swallows),Passeriformes,Martins and Swallows,4,1,,,,15,5,1988,5.0,6.0,La Isleta,Puebla del Rio,Sevilla,Manuel Vazquez,,1988-05-15,control
229843,Bank Swallow,Riparia riparia,Hirundinidae (Swallows),Passeriformes,Martins and Swallows,4,0,2.0,,,31,3,1988,5.0,6.0,La Isleta,Puebla del Rio,Sevilla,Manuel Vazquez,,1988-03-31,control
229848,Bank Swallow,Riparia riparia,Hirundinidae (Swallows),Passeriformes,Martins and Swallows,4,1,,,,15,5,1988,5.0,6.0,La Isleta,Puebla del Rio,Sevilla,Manuel Vazquez,,1988-05-15,control
229877,Bank Swallow,Riparia riparia,Hirundinidae (Swallows),Passeriformes,Martins and Swallows,4,2,,,,15,5,1988,5.0,6.0,La Isleta,Puebla del Rio,Sevilla,Manuel Vazquez,,1988-05-15,control
229882,Bank Swallow,Riparia riparia,Hirundinidae (Swallows),Passeriformes,Martins and Swallows,4,1,1.0,,,15,5,1988,5.0,6.0,La Isleta,Puebla del Rio,Sevilla,Manuel Vazquez,,1988-05-15,control
229902,Bank Swallow,Riparia riparia,Hirundinidae (Swallows),Passeriformes,Martins and Swallows,4,2,3.0,,,31,3,1988,5.0,6.0,La Isleta,Puebla del Rio,Sevilla,Manuel Vazquez,,1988-03-31,control
229902,Bank Swallow,Riparia riparia,Hirundinidae (Swallows),Passeriformes,Martins and Swallows,4,2,,,,15,5,1988,5.0,6.0,La Isleta,Puebla del Rio,Sevilla,Manuel Vazquez,,1988-05-15,control
229912,Bank Swallow,Riparia riparia,Hirundinidae (Swallows),Passeriformes,Martins and Swallows,4,1,0.0,,,15,5,1988,5.0,6.0,La Isleta,Puebla del Rio,Sevilla,Manuel Vazquez,,1988-05-15,control
229937,Bank Swallow,Riparia riparia,Hirundinidae (Swallows),Passeriformes,Martins and Swallows,4,2,1.0,,,15,5,1988,5.0,6.0,La Isleta,Puebla del Rio,Sevilla,Manuel Vazquez,,1988-05-15,control
229949,Bank Swallow,Riparia riparia,Hirundinidae (Swallows),Passeriformes,Martins and Swallows,4,2,1.0,,,15,5,1988,5.0,6.0,La Isleta,Puebla del Rio,Sevilla,Manuel Vazquez,,1988-05-15,control
229951,Bank Swallow,Riparia riparia,Hirundinidae (Swallows),Passeriformes,Martins and Swallows,4,2,,,,15,5,1988,5.0,6.0,La Isleta,Puebla del Rio,Sevilla,Manuel Vazquez,,1988-05-15,control
229952,Bank Swallow,Riparia riparia,Hirundinidae (Swallows),Passeriformes,Martins and Swallows,4,2,,,,15,5,1988,5.0,6.0,La Isleta,Puebla del Rio,Sevilla,Manuel Vazquez,,1988-05-15,control
230008,Bank Swallow,Riparia riparia,Hirundinidae (Swallows),Passeriformes,Martins and Swallows,4,1,,,,15,5,1988,5.0,6.0,La Isleta,Puebla del Rio,Sevilla,Manuel Vazquez,,1988-05-15,control
230011,Bank Swallow,Riparia riparia,Hirundinidae (Swallows),Passeriformes,Martins and Swallows,4,1,,,,15,5,1988,5.0,6.0,La Isleta,Puebla del Rio,Sevilla,Manuel Vazquez,,1988-05-15,control
230016,Bank Swallow,Riparia riparia,Hirundinidae (Swallows),Passeriformes,Martins and Swallows,4,1,,,,15,5,1988,5.0,6.0,La Isleta,Puebla del Rio,Sevilla,Manuel Vazquez,,1988-05-15,control
230018,Bank Swallow,Riparia riparia,Hirundinidae (Swallows),Passeriformes,Martins and Swallows,4,2,,,,15,5,1988,5.0,6.0,La Isleta,Puebla del Rio,Sevilla,Manuel Vazquez,,1988-05-15,control
230020,Bank Swallow,Riparia riparia,Hirundinidae (Swallows),Passeriformes,Martins and Swallows,4,1,,,,15,5,1988,5.0,6.0,La Isleta,Puebla del Rio,Sevilla,Manuel Vazquez,,1988-05-15,control
230021,Bank Swallow,Riparia riparia,Hirundinidae (Swallows),Passeriformes,Martins and Swallows,4,0,,,,15,5,1988,5.0,6.0,La Isleta,Puebla del Rio,Sevilla,Manuel Vazquez,,1988-05-15,control
230024,Bank Swallow,Riparia riparia,Hirundinidae (Swallows),Passeriformes,Martins and Swallows,4,2,,,,15,5,1988,5.0,6.0,La Isleta,Puebla del Rio,Sevilla,Manuel Vazquez,,1988-05-15,control
230039,Bank Swallow,Riparia riparia,Hirundinidae (Swallows),Passeriformes,Martins and Swallows,4,1,,,,15,5,1988,5.0,6.0,La Isleta,Puebla del Rio,Sevilla,Manuel Vazquez,,1988-05-15,control
230041,Bank Swallow,Riparia riparia,Hirundinidae (Swallows),Passeriformes,Martins and Swallows,4,1,,,,15,5,1988,5.0,6.0,La Isleta,Puebla del Rio,Sevilla,Manuel Vazquez,,1988-05-15,control
230044,Bank Swallow,Riparia riparia,Hirundinidae (Swallows),Passeriformes,Martins and Swallows,4,2,,,,15,5,1988,5.0,6.0,La Isleta,Puebla del Rio,Sevilla,Manuel Vazquez,,1988-05-15,control
230045,Bank Swallow,Riparia riparia,Hirundinidae (Swallows),Passeriformes,Martins and Swallows,4,1,,,,15,5,1988,5.0,6.0,La Isleta,Puebla del Rio,Sevilla,Manuel Vazquez,,1988-05-15,control
230047,Bank Swallow,Riparia riparia,Hirundinidae (Swallows),Passeriformes,Martins and Swallows,4,2,,,,15,5,1988,5.0,6.0,La Isleta,Puebla del Rio,Sevilla,Manuel Vazquez,,1988-05-15,control
230054,Bank Swallow,Riparia riparia,Hirundinidae (Swallows),Passeriformes,Martins and Swallows,4,1,,,,31,3,1988,5.0,6.0,La Isleta,Puebla del Rio,Sevilla,Manuel Vazquez,,1988-03-31,control
230056,Bank Swallow,Riparia riparia,Hirundinidae (Swallows),Passeriformes,Martins and Swallows,4,0,,,,15,5,1988,5.0,6.0,La Isleta,Puebla del Rio,Sevilla,Manuel Vazquez,,1988-05-15,control
230081,Bank Swallow,Riparia riparia,Hirundinidae (Swallows),Passeriformes,Martins and Swallows,4,1,1.0,,,15,5,1988,5.0,6.0,La Isleta,Puebla del Rio,Sevilla,Manuel Vazquez,,1988-05-15,control
230088,Bank Swallow,Riparia riparia,Hirundinidae (Swallows),Passeriformes,Martins and Swallows,4,1,3.0,,,15,5,1988,5.0,6.0,La Isleta,Puebla del Rio,Sevilla,Manuel Vazquez,,1988-05-15,control
230095,Bank Swallow,Riparia riparia,Hirundinidae (Swallows),Passeriformes,Martins and Swallows,4,2,3.0,,,15,5,1988,5.0,6.0,La Isleta,Puebla del Rio,Sevilla,Manuel Vazquez,,1988-05-15,control
188649,Barn Swallow,Hirundo rustica,Hirundinidae (Swallows),Passeriformes,Martins and Swallows,6,2,3.0,121.0,20.5,26,6,1988,11.0,12.0,Cortijo La Atalaya,Puebla del Rio,Sevilla,Manuel Vazquez,,1988-06-26,control
188865,Barn Swallow,Hirundo rustica,Hirundinidae (Swallows),Passeriformes,Martins and Swallows,5,1,3.0,,,12,3,1988,17.0,18.0,Casa Neves,Aznalcazar,Sevilla,Manuel Vazquez,,1988-03-12,control
188889,Barn Swallow,Hirundo rustica,Hirundinidae (Swallows),Passeriformes,Martins and Swallows,5,1,3.0,,,26,3,1988,16.0,17.0,Casa Neves,Aznalcazar,Sevilla,Manuel Vazquez,,1988-03-26,control
191639,Barn Swallow,Hirundo rustica,Hirundinidae (Swallows),Passeriformes,Martins and Swallows,4,2,3.0,,,12,3,1988,17.0,18.0,Casa Neves,Aznalcazar,Sevilla,Manuel Vazquez,,1988-03-12,control
191642,Barn Swallow,Hirundo rustica,Hirundinidae (Swallows),Passeriformes,Martins and Swallows,4,0,3.0,,,5,3,1988,17.0,18.0,Casa Neves,Aznalcazar,Sevilla,Manuel Vazquez,,1988-03-05,control
191645,Barn Swallow,Hirundo rustica,Hirundinidae (Swallows),Passeriformes,Martins and Swallows,4,2,4.0,,,6,3,1988,17.0,18.0,Casa Neves,Aznalcazar,Sevilla,Manuel Vazquez,,1988-03-06,control
191646,Barn Swallow,Hirundo rustica,Hirundinidae (Swallows),Passeriformes,Martins and Swallows,4,0,3.0,,,12,3,1988,17.0,18.0,Casa Neves,Aznalcazar,Sevilla,Manuel Vazquez,,1988-03-12,control
191646,Barn Swallow,Hirundo rustica,Hirundinidae (Swallows),Passeriformes,Martins and Swallows,4,1,2.0,,,19,3,1988,15.0,16.0,Casa Neves,Aznalcazar,Sevilla,Manuel Vazquez,,1988-03-19,control
191657,Barn Swallow,Hirundo rustica,Hirundinidae (Swallows),Passeriformes,Martins and Swallows,4,2,2.0,,,6,3,1988,17.0,18.0,Casa Neves,Aznalcazar,Sevilla,Manuel Vazquez,,1988-03-06,control
191657,Barn Swallow,Hirundo rustica,Hirundinidae (Swallows),Passeriformes,Martins and Swallows,4,2,2.0,,,12,3,1988,17.0,18.0,Casa Neves,Aznalcazar,Sevilla,Manuel Vazquez,,1988-03-12,control
191659,Barn Swallow,Hirundo rustica,Hirundinidae (Swallows),Passeriformes,Martins and Swallows,4,2,4.0,,,6,3,1988,17.0,18.0,Casa Neves,Aznalcazar,Sevilla,Manuel Vazquez,,1988-03-06,control
191662,Barn Swallow,Hirundo rustica,Hirundinidae (Swallows),Passeriformes,Martins and Swallows,4,2,4.0,,,13,3,1988,17.0,18.0,Casa Neves,Aznalcazar,Sevilla,Manuel Vazquez,,1988-03-13,control
191662,Barn Swallow,Hirundo rustica,Hirundinidae (Swallows),Passeriformes,Martins and Swallows,4,2,,,,16,4,1988,,,Casa Neves,Aznalcazar,Sevilla,Manuel Vazquez,Muerta en nido,1988-04-16,control
191664,Barn Swallow,Hirundo rustica,Hirundinidae (Swallows),Passeriformes,Martins and Swallows,4,2,3.0,,,6,3,1988,17.0,18.0,Casa Neves,Aznalcazar,Sevilla,Manuel Vazquez,,1988-03-06,control
191664,Barn Swallow,Hirundo rustica,Hirundinidae (Swallows),Passeriformes,Martins and Swallows,4,2,3.0,,,2,4,1988,18.0,19.0,Casa Neves,Aznalcazar,Sevilla,Manuel Vazquez,,1988-04-02,control
191648,Barn Swallow,Hirundo rustica,Hirundinidae (Swallows),Passeriformes,Martins and Swallows,4,0,3.0,,,5,3,1988,17.0,18.0,Casa Neves,Aznalcazar,Sevilla,Manuel Vazquez,,1988-03-05,control
191648,Barn Swallow,Hirundo rustica,Hirundinidae (Swallows),Passeriformes,Martins and Swallows,4,0,3.0,,,6,3,1988,17.0,18.0,Casa Neves,Aznalcazar,Sevilla,Manuel Vazquez,,1988-03-06,control
191648,Barn Swallow,Hirundo rustica,Hirundinidae (Swallows),Passeriformes,Martins and Swallows,4,0,4.0,,,26,3,1988,17.0,18.0,Casa Neves,Aznalcazar,Sevilla,Manuel Vazquez,,1988-03-26,control
191665,Barn Swallow,Hirundo rustica,Hirundinidae (Swallows),Passeriformes,Martins and Swallows,4,0,3.0,,,6,3,1988,17.0,18.0,Casa Neves,Aznalcazar,Sevilla,Manuel Vazquez,,1988-03-06,control
191665,Barn Swallow,Hirundo rustica,Hirundinidae (Swallows),Passeriformes,Martins and Swallows,4,0,3.0,,,2,4,1988,18.0,19.0,Casa Neves,Aznalcazar,Sevilla,Manuel Vazquez,,1988-04-02,control
191666,Barn Swallow,Hirundo rustica,Hirundinidae (Swallows),Passeriformes,Martins and Swallows,4,0,3.0,,,6,3,1988,17.0,18.0,Casa Neves,Aznalcazar,Sevilla,Manuel Vazquez,,1988-03-06,control
191679,Barn Swallow,Hirundo rustica,Hirundinidae (Swallows),Passeriformes,Martins and Swallows,4,2,3.0,,,19,3,1988,15.0,16.0,Casa Neves,Aznalcazar,Sevilla,Manuel Vazquez,,1988-03-19,control
191682,Barn Swallow,Hirundo rustica,Hirundinidae (Swallows),Passeriformes,Martins and Swallows,4,1,3.0,,,19,3,1988,18.0,19.0,Casa Neves,Aznalcazar,Sevilla,Manuel Vazquez,,1988-03-19,control
191683,Barn Swallow,Hirundo rustica,Hirundinidae (Swallows),Passeriformes,Martins and Swallows,4,2,3.0,,,19,3,1988,18.0,19.0,Casa Neves,Aznalcazar,Sevilla,Manuel Vazquez,,1988-03-19,control
230680,Barn Swallow,Hirundo rustica,Hirundinidae (Swallows),Passeriformes,Martins and Swallows,4,0,0.0,121.0,19.3,26,6,1988,11.0,12.0,Cortijo La Atalaya,Puebla del Rio,Sevilla,Manuel Vazquez,,1988-06-26,control
2168411,Meadow Pipit,Anthus pratensis,Motacillidae (Wagtails and Pipits),Passeriformes,Wagtails and Pipits,2,0,,,,12,3,1988,,,Fuentes,Puebla del Rio,Sevilla,Manuel Vazquez,Cazada por gavilan,1988-03-12,control
2168825,Meadow Pipit,Anthus pratensis,Motacillidae (Wagtails and Pipits),Passeriformes,Wagtails and Pipits,4,0,4.0,,,26,3,1989,19.0,20.0,La Estrella,Palomares del Rio,Sevilla,Manuel Vazquez,,1989-03-26,control
2223679,White Wagtail,Motacilla alba,Motacillidae (Wagtails and Pipits),Passeriformes,Wagtails and Pipits,5,2,3.0,88.0,22.5,3,2,1989,18.0,19.0,C/ Sanchez Arjona,Sevilla,Sevilla,Manuel Vazquez,,1989-02-03,control
7044881,Mallard,Anas platyrhynchos,"Anatidae (Ducks, Geese, and Waterfowl)",Anseriformes,Waterfowl,3,2,,,,25,9,1999,,,Laguna del Gobierno,La Lantejuela,Sevilla,Manuel Vazquez,Encontrado muerto,1999-09-25,muerto
7044864,Black Kite,Milvus migrans,"Accipitridae (Hawks, Eagles, and Kites)",Accipitriformes,"Vultures, Hawks, and Allies",2,0,,,,4,3,2000,,,Los Montes,Puebla del Rio,Sevilla,Alfonso Romero,Encontrado solo anilla,2000-03-04,control
4003534,Lesser Kestrel,Falco naumanni,Falconidae (Falcons and Caracaras),Falconiformes,Falcons and Caracaras,2,0,,,,16,6,1991,,,Cortijo Habichuela,Estepa,Sevilla,Manuel Vazquez,Encontrado muerto,1991-06-16,muerto
4003539,Lesser Kestrel,Falco naumanni,Falconidae (Falcons and Caracaras),Falconiformes,Falcons and Caracaras,1,0,,,,23,6,1991,,,Cortijo Habichuela,Estepa,Sevilla,Manuel Vazquez,Encontrado muerto,1991-06-23,muerto
4003540,Lesser Kestrel,Falco naumanni,Falconidae (Falcons and Caracaras),Falconiformes,Falcons and Caracaras,1,0,,,,23,6,1991,,,Cortijo Habichuela,Estepa,Sevilla,Manuel Vazquez,Encontrado muerto,1991-06-23,muerto
4003541,Lesser Kestrel,Falco naumanni,Falconidae (Falcons and Caracaras),Falconiformes,Falcons and Caracaras,1,0,,,,23,6,1991,,,Cortijo Habichuela,Estepa,Sevilla,Manuel Vazquez,Encontrado muerto,1991-06-23,muerto
4003544,Lesser Kestrel,Falco naumanni,Falconidae (Falcons and Caracaras),Falconiformes,Falcons and Caracaras,1,0,,,,23,6,1991,,,Cortijo Habichuela,Estepa,Sevilla,Manuel Vazquez,Encontrado muerto,1991-06-23,muerto
4003551,Lesser Kestrel,Falco naumanni,Falconidae (Falcons and Caracaras),Falconiformes,Falcons and Caracaras,1,0,,,,30,6,1991,,,Villar de las Culebras,Osuna,Sevilla,Manuel Vazquez,Encontrado muerto,1991-06-30,muerto
5010269,Eurasian Kestrel,Falco tinnunculus,Falconidae (Falcons and Caracaras),Falconiformes,Falcons and Caracaras,1,0,,,,21,7,1991,,,Cortijo Habichuela,Estepa,Sevilla,Manuel Vazquez,Encontrado muerto,1991-07-21,muerto
7009760,Eurasian Coot,Fulica atra,"Rallidae (Rails, Gallinules, and Coots)",Gruiformes,"Rails, Gallinules, and Allies",1,0,,,,30,6,1990,,,Laguna Escalera,El Rubio,Sevilla,Manuel Vazquez,Atropellado,1990-06-30,muerto
T027808,Kentish Plover,Charadrius alexandrinus,Charadriidae (Plovers and Lapwings),Charadriiformes,Shorebirds,4,0,,,,1,10,2000,,,Laguna del Gobierno,La Lantejuela,Sevilla,Manuel Vazquez,Encontrado muerto,2000-10-01,muerto
4003661,European Roller,Coracias garrulus,Coraciidae (Rollers),Coraciiformes,"Bee-eaters, Rollers, and Allies",1,0,,,,13,7,1991,,,Cortijo Habichuela,Estepa,Sevilla,Manuel Vazquez,Encontrado muerto,1991-07-13,muerto
7045436,Long-eared Owl,Asio otus,Strigidae (Owls),Strigiformes,Owls,1,0,,,,25,7,2000,,,Pino Dorado,Puebla del Rio,Sevilla,Alfonso Romero,Encontrado muerto,2000-07-25,muerto
3090235,Eurasian Hoopoe,Upupa epops,Upupidae (Hoopoes),Bucerotiformes,Hoopoes,3,0,,,,5,9,1994,,,Manecorro,Almonte,Huelva,JL Arroyo,,1994-09-05,control
T007755,Curlew Sandpiper,Calidris ferruginea,Scolopacidae (Sandpipers and Allies),Charadriiformes,Shorebirds,4,0,,,,6,5,1998,,,Marismas del Odiel,Huelva,Huelva,JL Arroyo,,1998-05-06,control
4048368,Common Redshank,Tringa totanus,Scolopacidae (Sandpipers and Allies),Charadriiformes,Shorebirds,4,0,,,,24,9,1998,,,Marismas del Odiel,Huelva,Huelva,JL Arroyo,,1998-09-24,control
9015558,White Stork,Ciconia ciconia,Ciconiidae (Storks),Ciconiiformes,Storks,2,0,,,,12,6,1994,,,Dehesa de Abajo,Puebla del Rio,Sevilla,Manuel Vazquez,Encontrado solo anilla,1994-06-12,control
9004110,White Stork,Ciconia ciconia,Ciconiidae (Storks),Ciconiiformes,Storks,4,0,,,,12,6,1994,,,Dehesa de Abajo,Puebla del Rio,Sevilla,Manuel Vazquez,Encontrado solo anilla,1994-06-12,control
3037708,Azure-winged Magpie,Cyanopica cyanus,"Corvidae (Crows, Jays, and Magpies)",Passeriformes,"Jays, Magpies, Crows, and Ravens",4,0,,,,3,3,1991,,,El Acebuche,Almonte,Huelva,Manuel Vazquez,,1991-03-03,control
3037708,Azure-winged Magpie,Cyanopica cyanus,"Corvidae (Crows, Jays, and Magpies)",Passeriformes,"Jays, Magpies, Crows, and Ravens",4,0,2.0,127.0,67.0,18,3,1991,,,El Acebuche,Almonte,Huelva,Manuel Vazquez,,1991-03-18,control
3037708,Azure-winged Magpie,Cyanopica cyanus,"Corvidae (Crows, Jays, and Magpies)",Passeriformes,"Jays, Magpies, Crows, and Ravens",4,0,1.0,,,7,4,1991,,,El Acebuche,Almonte,Huelva,Manuel Vazquez,,1991-04-07,control
3037709,Azure-winged Magpie,Cyanopica cyanus,"Corvidae (Crows, Jays, and Magpies)",Passeriformes,"Jays, Magpies, Crows, and Ravens",4,0,,,,20,2,1991,,,El Acebuche,Almonte,Huelva,Manuel Vazquez,,1991-02-20,control
3037709,Azure-winged Magpie,Cyanopica cyanus,"Corvidae (Crows, Jays, and Magpies)",Passeriformes,"Jays, Magpies, Crows, and Ravens",4,0,,,,16,3,1991,,,El Acebuche,Almonte,Huelva,Manuel Vazquez,,1991-03-16,control
3037709,Azure-winged Magpie,Cyanopica cyanus,"Corvidae (Crows, Jays, and Magpies)",Passeriformes,"Jays, Magpies, Crows, and Ravens",4,0,,,,17,3,1991,,,El Acebuche,Almonte,Huelva,Manuel Vazquez,,1991-03-17,control
3037710,Azure-winged Magpie,Cyanopica cyanus,"Corvidae (Crows, Jays, and Magpies)",Passeriformes,"Jays, Magpies, Crows, and Ravens",4,0,0.0,,75.0,6,4,1991,,,El Acebuche,Almonte,Huelva,Manuel Vazquez,,1991-04-06,control
3037711,Azure-winged Magpie,Cyanopica cyanus,"Corvidae (Crows, Jays, and Magpies)",Passeriformes,"Jays, Magpies, Crows, and Ravens",4,0,0.0,,,3,3,1991,,,El Acebuche,Almonte,Huelva,Manuel Vazquez,,1991-03-03,control
3037114,Azure-winged Magpie,Cyanopica cyanus,"Corvidae (Crows, Jays, and Magpies)",Passeriformes,"Jays, Magpies, Crows, and Ravens",4,0,,,,3,3,1991,,,El Acebuche,Almonte,Huelva,Manuel Vazquez,,1991-03-03,control
3037114,Azure-winged Magpie,Cyanopica cyanus,"Corvidae (Crows, Jays, and Magpies)",Passeriformes,"Jays, Magpies, Crows, and Ravens",4,0,0.0,,77.5,7,4,1991,,,El Acebuche,Almonte,Huelva,Manuel Vazquez,,1991-04-07,control
176655,Cetti's Warbler,Cettia cetti,Scotocercidae (Bush Warblers and Allies),Passeriformes,Bush Warblers and Allies,4,2,0.0,,,21,6,1987,,,Huerta Daniel,Puebla del Rio,Sevilla,Manuel Vazquez,,1987-06-21,control
176664,Cetti's Warbler,Cettia cetti,Scotocercidae (Bush Warblers and Allies),Passeriformes,Bush Warblers and Allies,3,0,0.0,,,5,7,1987,,,Huerta Daniel,Puebla del Rio,Sevilla,Manuel Vazquez,,1987-07-05,control
191389,Cetti's Warbler,Cettia cetti,Scotocercidae (Bush Warblers and Allies),Passeriformes,Bush Warblers and Allies,4,2,1.0,,,11,3,1988,,,Cerrado Chico,Puebla del Rio,Sevilla,Manuel Vazquez,,1988-03-11,control
191400,Cetti's Warbler,Cettia cetti,Scotocercidae (Bush Warblers and Allies),Passeriformes,Bush Warblers and Allies,4,1,2.0,,,11,3,1988,,,Cerrado Chico,Puebla del Rio,Sevilla,Manuel Vazquez,,1988-03-11,control
230331,Cetti's Warbler,Cettia cetti,Scotocercidae (Bush Warblers and Allies),Passeriformes,Bush Warblers and Allies,3,2,3.0,57.0,10.5,14,12,1988,,,Lucio Poco Abrigo,Puebla del Rio,Sevilla,Manuel Vazquez,,1988-12-14,control
231629,Cetti's Warbler,Cettia cetti,Scotocercidae (Bush Warblers and Allies),Passeriformes,Bush Warblers and Allies,3,2,4.0,57.0,11.0,17,11,1988,,,Lucio Poco Abrigo,Puebla del Rio,Sevilla,Manuel Vazquez,,1988-11-17,control
231630,Cetti's Warbler,Cettia cetti,Scotocercidae (Bush Warblers and Allies),Passeriformes,Bush Warblers and Allies,2,2,4.0,55.5,,29,12,1988,,,Lucio Poco Abrigo,Puebla del Rio,Sevilla,Manuel Vazquez,,1988-12-29,control
231698,Cetti's Warbler,Cettia cetti,Scotocercidae (Bush Warblers and Allies),Passeriformes,Bush Warblers and Allies,4,1,1.0,,,20,4,1988,,,Cerrado Chico,Puebla del Rio,Sevilla,Manuel Vazquez,,1988-04-20,control
231665,Cetti's Warbler,Cettia cetti,Scotocercidae (Bush Warblers and Allies),Passeriformes,Bush Warblers and Allies,4,2,3.0,,,11,3,1988,,,Cerrado Chico,Puebla del Rio,Sevilla,Manuel Vazquez,,1988-03-11,control
309697,Cetti's Warbler,Cettia cetti,Scotocercidae (Bush Warblers and Allies),Passeriformes,Bush Warblers and Allies,4,1,3.0,63.0,13.0,3,11,1990,,,Cerrado Chico,Puebla del Rio,Sevilla,Manuel Vazquez,,1990-11-03,control
268253,Zitting Cisticola,Cisticola juncidis,Cisticolidae (Cisticolas and Allies),Passeriformes,Cisticolas and Allies,3,0,4.0,47.0,9.0,12,11,1988,,,Huerta Daniel,Puebla del Rio,Sevilla,Manuel Vazquez,,1988-11-12,control
268255,Zitting Cisticola,Cisticola juncidis,Cisticolidae (Cisticolas and Allies),Passeriformes,Cisticolas and Allies,3,0,4.0,46.0,7.5,12,11,1988,,,Huerta Daniel,Puebla del Rio,Sevilla,Manuel Vazquez,,1988-11-12,control
268287,Zitting Cisticola,Cisticola juncidis,Cisticolidae (Cisticolas and Allies),Passeriformes,Cisticolas and Allies,3,0,4.0,48.0,8.0,12,11,1988,,,Huerta Daniel,Puebla del Rio,Sevilla,Manuel Vazquez,,1988-11-12,control
271225,Zitting Cisticola,Cisticola juncidis,Cisticolidae (Cisticolas and Allies),Passeriformes,Cisticolas and Allies,3,0,4.0,50.0,8.5,12,11,1988,,,Huerta Daniel,Puebla del Rio,Sevilla,Manuel Vazquez,,1988-11-12,control
271403,Zitting Cisticola,Cisticola juncidis,Cisticolidae (Cisticolas and Allies),Passeriformes,Cisticolas and Allies,3,0,5.0,52.0,9.5,12,11,1988,,,Huerta Daniel,Puebla del Rio,Sevilla,Manuel Vazquez,,1988-11-12,control
271414,Zitting Cisticola,Cisticola juncidis,Cisticolidae (Cisticolas and Allies),Passeriformes,Cisticolas and Allies,3,0,4.0,50.0,8.0,12,11,1988,,,Huerta Daniel,Puebla del Rio,Sevilla,Manuel Vazquez,,1988-11-12,control
271428,Zitting Cisticola,Cisticola juncidis,Cisticolidae (Cisticolas and Allies),Passeriformes,Cisticolas and Allies,3,0,3.0,52.0,805.0,12,11,1988,,,Huerta Daniel,Puebla del Rio,Sevilla,Manuel Vazquez,,1988-11-12,control
271430,Zitting Cisticola,Cisticola juncidis,Cisticolidae (Cisticolas and Allies),Passeriformes,Cisticolas and Allies,3,0,4.0,48.0,8.0,12,11,1988,,,Huerta Daniel,Puebla del Rio,Sevilla,Manuel Vazquez,,1988-11-12,control
2223884,Woodchat Shrike,Lanius senator,Laniidae (Shrikes),Passeriformes,Shrikes,4,2,,,,20,7,1989,,,Valcaliente,Constantina,Sevilla,Manuel Vazquez,Ahogado en alberca,1989-07-20,control
191453,Common Reed Warbler,Acrocephalus scirpaceus,Acrocephalidae (Reed Warblers and Allies),Passeriformes,Reed Warblers and Allies,4,0,0.0,65.5,11.0,14,5,1988,7.0,9.0,Cerrado Chico,Puebla del Rio,Sevilla,Manuel Vazquez,,1988-05-14,control
309767,Common Reed Warbler,Acrocephalus scirpaceus,Acrocephalidae (Reed Warblers and Allies),Passeriformes,Reed Warblers and Allies,4,0,1.0,61.0,,15,8,1990,8.0,9.0,Lucio Poco Abrigo,Puebla del Rio,Sevilla,Manuel Vazquez,,1990-08-15,control
309906,Common Reed Warbler,Acrocephalus scirpaceus,Acrocephalidae (Reed Warblers and Allies),Passeriformes,Reed Warblers and Allies,2,0,1.0,,,22,7,1990,8.0,9.0,Lucio Poco Abrigo,Puebla del Rio,Sevilla,Manuel Vazquez,,1990-07-22,control
2168534,Great Reed Warbler,Acrocephalus arundinaceus,Acrocephalidae (Reed Warblers and Allies),Passeriformes,Reed Warblers and Allies,4,2,0.0,91.0,32.2,14,5,1988,7.0,8.0,Cerrado Chico,Puebla del Rio,Sevilla,Manuel Vazquez,,1988-05-14,control
2255177,Great Reed Warbler,Acrocephalus arundinaceus,Acrocephalidae (Reed Warblers and Allies),Passeriformes,Reed Warblers and Allies,4,1,0.0,95.0,,13,6,1990,9.0,10.0,Lucio Poco Abrigo,Puebla del Rio,Sevilla,Manuel Vazquez,,1990-06-13,control
2255195,Great Reed Warbler,Acrocephalus arundinaceus,Acrocephalidae (Reed Warblers and Allies),Passeriformes,Reed Warblers and Allies,4,2,1.0,,,22,7,1990,9.0,10.0,Lucio Poco Abrigo,Puebla del Rio,Sevilla,Manuel Vazquez,,1990-07-22,control
2255197,Great Reed Warbler,Acrocephalus arundinaceus,Acrocephalidae (Reed Warblers and Allies),Passeriformes,Reed Warblers and Allies,4,0,2.0,,,7,7,1990,19.0,20.0,Lucio Poco Abrigo,Puebla del Rio,Sevilla,Manuel Vazquez,,1990-07-07,control
2258410,Great Reed Warbler,Acrocephalus arundinaceus,Acrocephalidae (Reed Warblers and Allies),Passeriformes,Reed Warblers and Allies,4,2,1.0,,,22,7,1990,9.0,10.0,Lucio Poco Abrigo,Puebla del Rio,Sevilla,Manuel Vazquez,,1990-07-22,control
176742,Eastern Olivaceous Warbler,Iduna pallida,Acrocephalidae (Reed Warblers and Allies),Passeriformes,Reed Warblers and Allies,3,0,1.0,,,2,8,1987,6.0,7.0,Huerta Daniel,Puebla del Rio,Sevilla,Manuel Vazquez,,1987-08-02,control
176744,Eastern Olivaceous Warbler,Iduna pallida,Acrocephalidae (Reed Warblers and Allies),Passeriformes,Reed Warblers and Allies,4,2,0.0,,,2,8,1987,10.0,11.0,Huerta Daniel,Puebla del Rio,Sevilla,Manuel Vazquez,,1987-08-02,control
191481,Eastern Olivaceous Warbler,Iduna pallida,Acrocephalidae (Reed Warblers and Allies),Passeriformes,Reed Warblers and Allies,4,1,0.0,,,21,7,1988,8.0,9.0,Huerta Daniel,Puebla del Rio,Sevilla,Manuel Vazquez,,1988-07-21,control
2226034,Garden Warbler,Sylvia borin,"Sylviidae (Sylviid Warblers, Parrotbills, and Allies)",Passeriformes,Sylviid Warblers,2,0,3.0,,22.0,17,9,1990,12.0,13.0,Huerta El Torno,Dos Hermanas ,Sevilla,Manuel Vazquez,,1990-09-17,control
2169107,Eurasian Blackcap,Sylvia atricapilla,"Sylviidae (Sylviid Warblers, Parrotbills, and Allies)",Passeriformes,Sylviid Warblers,6,1,3.0,,,1,1,1988,,,Dehesa de Carchena,Coria del Rio,Sevilla,Manuel Vazquez,,1988-01-01,control
2169107,Eurasian Blackcap,Sylvia atricapilla,"Sylviidae (Sylviid Warblers, Parrotbills, and Allies)",Passeriformes,Sylviid Warblers,6,1,3.0,,,24,1,1988,,,Dehesa de Carchena,Coria del Rio,Sevilla,Manuel Vazquez,,1988-01-24,control
2195584,Eurasian Blackcap,Sylvia atricapilla,"Sylviidae (Sylviid Warblers, Parrotbills, and Allies)",Passeriformes,Sylviid Warblers,5,2,0.0,,,30,1,1988,9.0,10.0,Casa Neves,Aznalcazar,Sevilla,Manuel Vazquez,,1988-01-30,control
2195594,Eurasian Blackcap,Sylvia atricapilla,"Sylviidae (Sylviid Warblers, Parrotbills, and Allies)",Passeriformes,Sylviid Warblers,3,1,0.0,,,5,12,1987,10.0,11.0,Casa Neves,Aznalcazar,Sevilla,Manuel Vazquez,,1987-12-05,control
2195601,Eurasian Blackcap,Sylvia atricapilla,"Sylviidae (Sylviid Warblers, Parrotbills, and Allies)",Passeriformes,Sylviid Warblers,5,1,1.0,,,30,1,1988,9.0,10.0,Casa Neves,Aznalcazar,Sevilla,Manuel Vazquez,,1988-01-30,control
2220251,Eurasian Blackcap,Sylvia atricapilla,"Sylviidae (Sylviid Warblers, Parrotbills, and Allies)",Passeriformes,Sylviid Warblers,4,1,3.0,,,24,1,1988,16.0,17.0,Dehesa de Carchena,Coria del Rio,Sevilla,Manuel Vazquez,,1988-01-24,control
271105,Eurasian Blackcap,Sylvia atricapilla,"Sylviidae (Sylviid Warblers, Parrotbills, and Allies)",Passeriformes,Sylviid Warblers,4,2,5.0,,,14,3,1989,16.0,17.0,La Estrella,Palomares del Rio,Sevilla,Manuel Vazquez,,1989-03-14,control
271120,Eurasian Blackcap,Sylvia atricapilla,"Sylviidae (Sylviid Warblers, Parrotbills, and Allies)",Passeriformes,Sylviid Warblers,4,1,1.0,,,4,3,1989,12.0,13.0,La Estrella,Palomares del Rio,Sevilla,Manuel Vazquez,,1989-03-04,control
2168425,Eurasian Blackcap,Sylvia atricapilla,"Sylviidae (Sylviid Warblers, Parrotbills, and Allies)",Passeriformes,Sylviid Warblers,3,1,1.0,,,20,12,1987,12.0,13.0,Dehesa de Carchena,Coria del Rio,Sevilla,Manuel Vazquez,,1987-12-20,control
2168425,Eurasian Blackcap,Sylvia atricapilla,"Sylviidae (Sylviid Warblers, Parrotbills, and Allies)",Passeriformes,Sylviid Warblers,3,1,1.0,,,21,12,1987,17.0,18.0,Dehesa de Carchena,Coria del Rio,Sevilla,Manuel Vazquez,,1987-12-21,control
2168425,Eurasian Blackcap,Sylvia atricapilla,"Sylviidae (Sylviid Warblers, Parrotbills, and Allies)",Passeriformes,Sylviid Warblers,3,1,2.0,,,25,12,1987,17.0,18.0,Dehesa de Carchena,Coria del Rio,Sevilla,Manuel Vazquez,,1987-12-25,control
2168436,Eurasian Blackcap,Sylvia atricapilla,"Sylviidae (Sylviid Warblers, Parrotbills, and Allies)",Passeriformes,Sylviid Warblers,5,2,2.0,,,30,1,1988,18.0,19.0,Casa Neves,Aznalcazar,Sevilla,Manuel Vazquez,,1988-01-30,control
2168458,Eurasian Blackcap,Sylvia atricapilla,"Sylviidae (Sylviid Warblers, Parrotbills, and Allies)",Passeriformes,Sylviid Warblers,5,2,2.0,,,14,2,1988,9.0,10.0,Casa Neves,Aznalcazar,Sevilla,Manuel Vazquez,,1988-02-14,control
2168459,Eurasian Blackcap,Sylvia atricapilla,"Sylviidae (Sylviid Warblers, Parrotbills, and Allies)",Passeriformes,Sylviid Warblers,5,2,3.0,,,14,2,1988,10.0,11.0,Casa Neves,Aznalcazar,Sevilla,Manuel Vazquez,,1988-02-14,control
2168466,Eurasian Blackcap,Sylvia atricapilla,"Sylviidae (Sylviid Warblers, Parrotbills, and Allies)",Passeriformes,Sylviid Warblers,5,2,2.0,,,31,1,1988,18.0,19.0,Casa Neves,Aznalcazar,Sevilla,Manuel Vazquez,,1988-01-31,control
2168484,Eurasian Blackcap,Sylvia atricapilla,"Sylviidae (Sylviid Warblers, Parrotbills, and Allies)",Passeriformes,Sylviid Warblers,5,1,3.0,,,14,2,1988,18.0,19.0,Casa Neves,Aznalcazar,Sevilla,Manuel Vazquez,,1988-02-14,control
2169066,Eurasian Blackcap,Sylvia atricapilla,"Sylviidae (Sylviid Warblers, Parrotbills, and Allies)",Passeriformes,Sylviid Warblers,2,2,1.0,,,20,12,1987,10.0,11.0,Dehesa de Carchena,Coria del Rio,Sevilla,Manuel Vazquez,,1987-12-20,control
2169066,Eurasian Blackcap,Sylvia atricapilla,"Sylviidae (Sylviid Warblers, Parrotbills, and Allies)",Passeriformes,Sylviid Warblers,4,2,2.0,,,21,2,1988,15.0,16.0,Dehesa de Carchena,Coria del Rio,Sevilla,Manuel Vazquez,,1988-02-21,control
2169066,Eurasian Blackcap,Sylvia atricapilla,"Sylviidae (Sylviid Warblers, Parrotbills, and Allies)",Passeriformes,Sylviid Warblers,4,2,3.0,,,6,3,1988,14.0,15.0,Dehesa de Carchena,Coria del Rio,Sevilla,Manuel Vazquez,,1988-03-06,control
2169068,Eurasian Blackcap,Sylvia atricapilla,"Sylviidae (Sylviid Warblers, Parrotbills, and Allies)",Passeriformes,Sylviid Warblers,2,2,2.0,,,1,1,1988,17.0,18.0,Dehesa de Carchena,Coria del Rio,Sevilla,Manuel Vazquez,,1988-01-01,control
2169068,Eurasian Blackcap,Sylvia atricapilla,"Sylviidae (Sylviid Warblers, Parrotbills, and Allies)",Passeriformes,Sylviid Warblers,4,2,4.0,,,31,1,1988,17.0,18.0,Dehesa de Carchena,Coria del Rio,Sevilla,Manuel Vazquez,,1988-01-31,control
2169101,Eurasian Blackcap,Sylvia atricapilla,"Sylviidae (Sylviid Warblers, Parrotbills, and Allies)",Passeriformes,Sylviid Warblers,3,1,2.0,,,1,1,1988,17.0,18.0,Dehesa de Carchena,Coria del Rio,Sevilla,Manuel Vazquez,,1988-01-01,control
2169106,Eurasian Blackcap,Sylvia atricapilla,"Sylviidae (Sylviid Warblers, Parrotbills, and Allies)",Passeriformes,Sylviid Warblers,5,1,4.0,,,24,1,1988,17.0,18.0,Dehesa de Carchena,Coria del Rio,Sevilla,Manuel Vazquez,,1988-01-24,control
2169114,Eurasian Blackcap,Sylvia atricapilla,"Sylviidae (Sylviid Warblers, Parrotbills, and Allies)",Passeriformes,Sylviid Warblers,4,1,3.0,,,21,2,1988,16.0,17.0,Dehesa de Carchena,Coria del Rio,Sevilla,Manuel Vazquez,,1988-02-21,control
2169141,Eurasian Blackcap,Sylvia atricapilla,"Sylviidae (Sylviid Warblers, Parrotbills, and Allies)",Passeriformes,Sylviid Warblers,6,2,3.0,,,13,2,1988,18.0,19.0,Caño Real,Palomares del Rio,Sevilla,Manuel Vazquez,,1988-02-13,control
2169143,Eurasian Blackcap,Sylvia atricapilla,"Sylviidae (Sylviid Warblers, Parrotbills, and Allies)",Passeriformes,Sylviid Warblers,5,1,4.0,,,13,2,1988,16.0,17.0,Caño Real,Palomares del Rio,Sevilla,Manuel Vazquez,,1988-02-13,control
2169145,Eurasian Blackcap,Sylvia atricapilla,"Sylviidae (Sylviid Warblers, Parrotbills, and Allies)",Passeriformes,Sylviid Warblers,5,2,3.0,,,13,2,1988,18.0,19.0,Caño Real,Palomares del Rio,Sevilla,Manuel Vazquez,,1988-02-13,control
2169147,Eurasian Blackcap,Sylvia atricapilla,"Sylviidae (Sylviid Warblers, Parrotbills, and Allies)",Passeriformes,Sylviid Warblers,5,2,3.0,,,13,2,1988,18.0,19.0,Caño Real,Palomares del Rio,Sevilla,Manuel Vazquez,,1988-02-13,control
2169149,Eurasian Blackcap,Sylvia atricapilla,"Sylviidae (Sylviid Warblers, Parrotbills, and Allies)",Passeriformes,Sylviid Warblers,5,2,2.0,,,13,2,1988,18.0,19.0,Caño Real,Palomares del Rio,Sevilla,Manuel Vazquez,,1988-02-13,control
2169783,Eurasian Blackcap,Sylvia atricapilla,"Sylviidae (Sylviid Warblers, Parrotbills, and Allies)",Passeriformes,Sylviid Warblers,5,2,0.0,,,30,1,1988,9.0,10.0,Casa Neves,Aznalcazar,Sevilla,Manuel Vazquez,,1988-01-30,control
2169790,Eurasian Blackcap,Sylvia atricapilla,"Sylviidae (Sylviid Warblers, Parrotbills, and Allies)",Passeriformes,Sylviid Warblers,3,1,0.0,,,5,12,1987,10.0,11.0,Casa Neves,Aznalcazar,Sevilla,Manuel Vazquez,,1987-12-05,control
2169792,Eurasian Blackcap,Sylvia atricapilla,"Sylviidae (Sylviid Warblers, Parrotbills, and Allies)",Passeriformes,Sylviid Warblers,6,1,2.0,,,30,1,1988,9.0,10.0,Casa Neves,Aznalcazar,Sevilla,Manuel Vazquez,,1988-01-30,control
2169851,Eurasian Blackcap,Sylvia atricapilla,"Sylviidae (Sylviid Warblers, Parrotbills, and Allies)",Passeriformes,Sylviid Warblers,6,1,3.0,,,12,2,1988,18.0,19.0,Casa Neves,Aznalcazar,Sevilla,Manuel Vazquez,,1988-02-12,control
2169853,Eurasian Blackcap,Sylvia atricapilla,"Sylviidae (Sylviid Warblers, Parrotbills, and Allies)",Passeriformes,Sylviid Warblers,6,2,5.0,,,12,2,1988,18.0,19.0,Casa Neves,Aznalcazar,Sevilla,Manuel Vazquez,,1988-02-12,control
2220885,Eurasian Blackcap,Sylvia atricapilla,"Sylviidae (Sylviid Warblers, Parrotbills, and Allies)",Passeriformes,Sylviid Warblers,5,1,2.0,,,14,2,1988,18.0,19.0,Casa Neves,Aznalcazar,Sevilla,Manuel Vazquez,,1988-02-14,control
2255150,Eurasian Blackcap,Sylvia atricapilla,"Sylviidae (Sylviid Warblers, Parrotbills, and Allies)",Passeriformes,Sylviid Warblers,4,1,3.0,74.5,19.5,6,11,1990,16.0,17.0,Huerta El Torno,Dos Hermanas ,Sevilla,Manuel Vazquez,,1990-11-06,control
2255263,Eurasian Blackcap,Sylvia atricapilla,"Sylviidae (Sylviid Warblers, Parrotbills, and Allies)",Passeriformes,Sylviid Warblers,4,2,3.0,70.0,,14,1,1990,19.0,20.0,Huerta El Torno,Dos Hermanas ,Sevilla,Manuel Vazquez,,1990-01-14,control
2255272,Eurasian Blackcap,Sylvia atricapilla,"Sylviidae (Sylviid Warblers, Parrotbills, and Allies)",Passeriformes,Sylviid Warblers,5,1,3.0,,,24,3,1990,18.0,19.0,Huerta El Torno,Dos Hermanas ,Sevilla,Manuel Vazquez,,1990-03-24,control
2286625,Eurasian Blackcap,Sylvia atricapilla,"Sylviidae (Sylviid Warblers, Parrotbills, and Allies)",Passeriformes,Sylviid Warblers,4,2,0.0,70.5,17.5,4,1,1990,12.0,13.0,Casa Neves,Aznalcazar,Sevilla,Manuel Vazquez,,1990-01-04,control
2286627,Eurasian Blackcap,Sylvia atricapilla,"Sylviidae (Sylviid Warblers, Parrotbills, and Allies)",Passeriformes,Sylviid Warblers,4,2,1.0,75.0,19.5,4,1,1990,11.0,12.0,Casa Neves,Aznalcazar,Sevilla,Manuel Vazquez,,1990-01-04,control
2286631,Eurasian Blackcap,Sylvia atricapilla,"Sylviidae (Sylviid Warblers, Parrotbills, and Allies)",Passeriformes,Sylviid Warblers,4,2,0.0,73.5,17.5,4,1,1990,9.0,10.0,Casa Neves,Aznalcazar,Sevilla,Manuel Vazquez,,1990-01-04,control
2286634,Eurasian Blackcap,Sylvia atricapilla,"Sylviidae (Sylviid Warblers, Parrotbills, and Allies)",Passeriformes,Sylviid Warblers,4,2,1.0,71.5,19.5,4,1,1990,10.0,11.0,Casa Neves,Aznalcazar,Sevilla,Manuel Vazquez,,1990-01-04,control
33854,Sardinian Warbler,Curruca melanocephala,"Sylviidae (Sylviid Warblers, Parrotbills, and Allies)",Passeriformes,Sylviid Warblers,6,1,0.0,,,30,1,1988,9.0,10.0,Casa Neves,Aznalcazar,Sevilla,Manuel Vazquez,,1988-01-30,control
191314,Sardinian Warbler,Curruca melanocephala,"Sylviidae (Sylviid Warblers, Parrotbills, and Allies)",Passeriformes,Sylviid Warblers,6,1,2.0,,,12,2,1988,18.0,19.0,Casa Neves,Aznalcazar,Sevilla,Manuel Vazquez,,1988-02-12,control
191364,Sardinian Warbler,Curruca melanocephala,"Sylviidae (Sylviid Warblers, Parrotbills, and Allies)",Passeriformes,Sylviid Warblers,5,1,3.0,,,26,12,1988,12.0,13.0,Casa Neves,Aznalcazar,Sevilla,Manuel Vazquez,,1988-12-26,control
268004,Sardinian Warbler,Curruca melanocephala,"Sylviidae (Sylviid Warblers, Parrotbills, and Allies)",Passeriformes,Sylviid Warblers,3,2,2.0,,,30,10,1988,11.0,12.0,Huerta La Libertad,Puebla del Rio,Sevilla,Manuel Vazquez,,1988-10-30,control
309100,Sardinian Warbler,Curruca melanocephala,"Sylviidae (Sylviid Warblers, Parrotbills, and Allies)",Passeriformes,Sylviid Warblers,6,1,5.0,,,10,2,1990,18.0,19.0,Valcaliente,Constantina,Sevilla,Manuel Vazquez,,1990-02-10,control
309317,Sardinian Warbler,Curruca melanocephala,"Sylviidae (Sylviid Warblers, Parrotbills, and Allies)",Passeriformes,Sylviid Warblers,4,1,0.0,58.0,,29,7,1990,18.0,19.0,Cantera del Duende,El Rubio,Sevilla,Manuel Vazquez,,1990-07-29,control
309317,Sardinian Warbler,Curruca melanocephala,"Sylviidae (Sylviid Warblers, Parrotbills, and Allies)",Passeriformes,Sylviid Warblers,4,1,1.0,58.0,,9,9,1990,19.0,20.0,Cantera del Duende,El Rubio,Sevilla,Manuel Vazquez,,1990-09-09,control
4003522,Eurasian Magpie,Pica pica,"Corvidae (Crows, Jays, and Magpies)",Passeriformes,"Jays, Magpies, Crows, and Ravens",4,0,,,,17,11,1992,,,El Acebuche,Almonte,Huelva,Hector Garrido,,1992-11-17,control
4003522,Eurasian Magpie,Pica pica,"Corvidae (Crows, Jays, and Magpies)",Passeriformes,"Jays, Magpies, Crows, and Ravens",4,0,,,,19,10,1993,,,El Acebuche,Almonte,Huelva,Hector Garrido,,1993-10-19,control
2223884,Woodchat Shrike,Lanius senator,Laniidae (Shrikes),Passeriformes,Shrikes,2,0,,,,20,7,1989,,,Valcaliente,Constantina,Sevilla,Manuel Vazquez,Ahogado en alberca,1989-07-20,control
191310,Common Chiffchaff,Phylloscopus collybita,Phylloscopidae (Leaf Warblers),Passeriformes,Leaf Warblers,4,0,1.0,56.0,,12,2,1988,18.0,19.0,Casa Neves,Aznalcazar,Sevilla,Manuel Vazquez,,1988-02-12,control
191317,Common Chiffchaff,Phylloscopus collybita,Phylloscopidae (Leaf Warblers),Passeriformes,Leaf Warblers,4,0,4.0,54.0,,12,2,1988,17.0,18.0,Casa Neves,Aznalcazar,Sevilla,Manuel Vazquez,,1988-02-12,control
191348,Common Chiffchaff,Phylloscopus collybita,Phylloscopidae (Leaf Warblers),Passeriformes,Leaf Warblers,4,0,3.0,,,19,1,1988,18.0,19.0,Vuelta Cojo,Puebla del Rio,Sevilla,Manuel Vazquez,,1988-01-19,control
191382,Common Chiffchaff,Phylloscopus collybita,Phylloscopidae (Leaf Warblers),Passeriformes,Leaf Warblers,4,0,2.0,51.0,,11,3,1988,16.0,17.0,Casa Neves,Aznalcazar,Sevilla,Manuel Vazquez,,1988-03-11,control
191395,Common Chiffchaff,Phylloscopus collybita,Phylloscopidae (Leaf Warblers),Passeriformes,Leaf Warblers,4,0,4.0,54.0,,11,3,1988,18.0,19.0,Cerrado Chico,Puebla del Rio,Sevilla,Manuel Vazquez,,1988-03-11,control
191410,Common Chiffchaff,Phylloscopus collybita,Phylloscopidae (Leaf Warblers),Passeriformes,Leaf Warblers,4,0,2.0,,,31,1,1988,17.0,18.0,Dehesa Carchena,Coria del Rio,Sevilla,Manuel Vazquez,,1988-01-31,control
191428,Common Chiffchaff,Phylloscopus collybita,Phylloscopidae (Leaf Warblers),Passeriformes,Leaf Warblers,4,0,1.0,57.0,,13,2,1988,18.0,19.0,Caño Real,Palomares del Rio,Sevilla,Manuel Vazquez,,1988-02-13,control
191430,Common Chiffchaff,Phylloscopus collybita,Phylloscopidae (Leaf Warblers),Passeriformes,Leaf Warblers,4,0,1.0,57.0,,13,2,1988,18.0,19.0,Caño Real,Palomares del Rio,Sevilla,Manuel Vazquez,,1988-02-13,control
191617,Common Chiffchaff,Phylloscopus collybita,Phylloscopidae (Leaf Warblers),Passeriformes,Leaf Warblers,4,0,3.0,,,31,8,1988,17.0,18.0,Dehesa Carchena,Coria del Rio,Sevilla,Manuel Vazquez,,1988-08-31,control
230369,Common Chiffchaff,Phylloscopus collybita,Phylloscopidae (Leaf Warblers),Passeriformes,Leaf Warblers,4,0,4.0,56.0,7.0,26,12,1988,18.0,19.0,Lucio Poco Abrigo,Puebla del Rio,Sevilla,Manuel Vazquez,,1988-12-26,control
230369,Common Chiffchaff,Phylloscopus collybita,Phylloscopidae (Leaf Warblers),Passeriformes,Leaf Warblers,4,0,1.0,55.0,,4,2,1989,19.0,20.0,Lucio Poco Abrigo,Puebla del Rio,Sevilla,Manuel Vazquez,,1989-02-04,control
230398,Common Chiffchaff,Phylloscopus collybita,Phylloscopidae (Leaf Warblers),Passeriformes,Leaf Warblers,3,0,2.0,55.0,6.5,26,12,1988,18.0,19.0,Lucio Poco Abrigo,Puebla del Rio,Sevilla,Manuel Vazquez,,1988-12-26,control
231653,Common Chiffchaff,Phylloscopus collybita,Phylloscopidae (Leaf Warblers),Passeriformes,Leaf Warblers,4,0,3.0,55.0,,11,3,1988,16.0,17.0,Cerrado Chico,Puebla del Rio,Sevilla,Manuel Vazquez,,1988-03-11,control
231699,Common Chiffchaff,Phylloscopus collybita,Phylloscopidae (Leaf Warblers),Passeriformes,Leaf Warblers,2,0,2.0,59.0,6.5,26,12,1988,18.0,19.0,Lucio Poco Abrigo,Puebla del Rio,Sevilla,Manuel Vazquez,,1988-12-26,control
268014,Common Chiffchaff,Phylloscopus collybita,Phylloscopidae (Leaf Warblers),Passeriformes,Leaf Warblers,2,0,5.0,,,30,10,1988,13.0,14.0,Huerta La Libertad,Puebla del Rio,Sevilla,Manuel Vazquez,,1988-10-30,control
268196,Common Chiffchaff,Phylloscopus collybita,Phylloscopidae (Leaf Warblers),Passeriformes,Leaf Warblers,2,0,1.0,,,3,2,1989,13.0,14.0,La Estrella,Palomares del Rio,Sevilla,Manuel Vazquez,,1989-02-03,control
271043,Common Chiffchaff,Phylloscopus collybita,Phylloscopidae (Leaf Warblers),Passeriformes,Leaf Warblers,2,0,1.0,,,25,1,1989,19.0,20.0,Lucio Poco Abrigo,Puebla del Rio,Sevilla,Manuel Vazquez,,1989-01-25,control
271093,Common Chiffchaff,Phylloscopus collybita,Phylloscopidae (Leaf Warblers),Passeriformes,Leaf Warblers,2,0,2.0,61.0,,29,12,1988,18.0,19.0,Lucio Poco Abrigo,Puebla del Rio,Sevilla,Manuel Vazquez,,1988-12-29,control
272343,Common Chiffchaff,Phylloscopus collybita,Phylloscopidae (Leaf Warblers),Passeriformes,Leaf Warblers,4,0,3.0,54.0,,10,12,1989,19.0,20.0,Huerta El Torno,Dos Hermanas ,Sevilla,Manuel Vazquez,,1989-12-10,control
272369,Common Chiffchaff,Phylloscopus collybita,Phylloscopidae (Leaf Warblers),Passeriformes,Leaf Warblers,4,0,0.0,54.5,,2,1,1989,19.0,20.0,Huerta El Torno,Dos Hermanas ,Sevilla,Manuel Vazquez,,1989-01-02,control
272377,Common Chiffchaff,Phylloscopus collybita,Phylloscopidae (Leaf Warblers),Passeriformes,Leaf Warblers,4,0,3.0,53.5,,2,1,1989,19.0,20.0,Huerta El Torno,Dos Hermanas ,Sevilla,Manuel Vazquez,,1989-01-02,control
309633,Common Chiffchaff,Phylloscopus collybita,Phylloscopidae (Leaf Warblers),Passeriformes,Leaf Warblers,4,0,4.0,57.0,7.5,6,11,1990,17.0,18.0,Huerta El Torno,Dos Hermanas ,Sevilla,Manuel Vazquez,,1990-11-06,control
309704,Common Chiffchaff,Phylloscopus collybita,Phylloscopidae (Leaf Warblers),Passeriformes,Leaf Warblers,4,0,2.0,55.0,7.0,6,11,1990,17.0,18.0,Huerta El Torno,Dos Hermanas ,Sevilla,Manuel Vazquez,,1990-11-06,control
403294,Common Chiffchaff,Phylloscopus collybita,Phylloscopidae (Leaf Warblers),Passeriformes,Leaf Warblers,2,0,2.0,,,16,12,1990,19.0,20.0,Lucio Poco Abrigo,Puebla del Rio,Sevilla,Manuel Vazquez,,1990-12-16,control
473006,European Robin,Erithacus rubecula,Muscicapidae (Old World Flycatchers),Passeriformes,Old World Flycatchers,5,0,,,,29,1,1992,,,La Algaida,Sanlucar de Barrameda,Cadiz,Particular,Cazada ,1992-01-29,muerto
2195591,European Robin,Erithacus rubecula,Muscicapidae (Old World Flycatchers),Passeriformes,Old World Flycatchers,4,0,2.0,,,5,12,1987,8.0,9.0,Casa Neves,Aznalcazar,Sevilla,Manuel Vazquez,,1987-12-05,control
2195581,European Robin,Erithacus rubecula,Muscicapidae (Old World Flycatchers),Passeriformes,Old World Flycatchers,3,0,0.0,,,5,12,1987,9.0,10.0,Casa Neves,Aznalcazar,Sevilla,Manuel Vazquez,,1987-12-05,control
2255287,European Robin,Erithacus rubecula,Muscicapidae (Old World Flycatchers),Passeriformes,Old World Flycatchers,4,0,,,,15,1,1991,,,Valcaliente,Constantina,Sevilla,Manuel Vazquez,Cazada por gato,1991-01-15,control
2550945,Common Nightingale,Luscinia megarhynchos,Muscicapidae (Old World Flycatchers),Passeriformes,Old World Flycatchers,2,0,,,,1,9,1994,,,Manecorro,Almonte,Huelva,JL Arroyo,,1994-09-01,control
2550947,Common Nightingale,Luscinia megarhynchos,Muscicapidae (Old World Flycatchers),Passeriformes,Old World Flycatchers,2,0,,,,3,9,1994,,,Manecorro,Almonte,Huelva,JL Arroyo,,1994-09-03,control
309228,Spotted Flycatcher,Muscicapa striata,Muscicapidae (Old World Flycatchers),Passeriformes,Old World Flycatchers,4,0,1.0,,,9,5,1990,13.0,14.0,Valcaliente,Constantina,Sevilla,Manuel Vazquez,,1990-05-09,control
2168443,Black Redstart,Phoenicurus ochruros,Muscicapidae (Old World Flycatchers),Passeriformes,Old World Flycatchers,2,0,2.0,,,3,1,1988,17.0,18.0,Casa Neves,Aznalcazar,Sevilla,Manuel Vazquez,,1988-01-03,control
2168444,Black Redstart,Phoenicurus ochruros,Muscicapidae (Old World Flycatchers),Passeriformes,Old World Flycatchers,6,1,1.0,,,6,2,1988,17.0,18.0,Casa Neves,Aznalcazar,Sevilla,Manuel Vazquez,,1988-02-06,control
2168461,Black Redstart,Phoenicurus ochruros,Muscicapidae (Old World Flycatchers),Passeriformes,Old World Flycatchers,4,0,2.0,,,31,1,1988,18.0,19.0,Casa Neves,Aznalcazar,Sevilla,Manuel Vazquez,,1988-01-31,control
2168462,Black Redstart,Phoenicurus ochruros,Muscicapidae (Old World Flycatchers),Passeriformes,Old World Flycatchers,4,0,1.0,,,6,2,1988,17.0,18.0,Casa Neves,Aznalcazar,Sevilla,Manuel Vazquez,,1988-02-06,control
2220856,Black Redstart,Phoenicurus ochruros,Muscicapidae (Old World Flycatchers),Passeriformes,Old World Flycatchers,4,2,,,,26,12,1988,12.0,13.0,Casa Neves,Aznalcazar,Sevilla,Manuel Vazquez,,1988-12-26,control
231697,Bluethroat,Luscinia svecica,Muscicapidae (Old World Flycatchers),Passeriformes,Old World Flycatchers,6,1,2.0,71.0,,28,2,1990,19.0,20.0,Cerrado Chico,Puebla del Rio,Sevilla,Manuel Vazquez,,1990-02-28,control
2219910,Bluethroat,Luscinia svecica,Muscicapidae (Old World Flycatchers),Passeriformes,Old World Flycatchers,4,2,3.0,72.0,16.5,14,12,1988,18.0,19.0,Lucio Poco Abrigo,Puebla del Rio,Sevilla,Manuel Vazquez,,1988-12-14,control
271018,European Robin,Erithacus rubecula,Muscicapidae (Old World Flycatchers),Passeriformes,Old World Flycatchers,5,0,1.0,,,25,1,1989,19.0,20.0,Lucio Poco Abrigo,Puebla del Rio,Sevilla,Manuel Vazquez,,1989-01-25,control
401183,European Robin,Erithacus rubecula,Muscicapidae (Old World Flycatchers),Passeriformes,Old World Flycatchers,5,0,0.0,,,16,11,1990,11.0,12.0,Casa Neves,Aznalcazar,Sevilla,Manuel Vazquez,,1990-11-16,control
403207,European Robin,Erithacus rubecula,Muscicapidae (Old World Flycatchers),Passeriformes,Old World Flycatchers,3,0,0.0,,,23,12,1990,13.0,14.0,Cantera del Duende,El Rubio,Sevilla,Manuel Vazquez,,1990-12-23,control
403212,European Robin,Erithacus rubecula,Muscicapidae (Old World Flycatchers),Passeriformes,Old World Flycatchers,3,0,1.0,,,23,12,1990,12.0,13.0,Cantera del Duende,El Rubio,Sevilla,Manuel Vazquez,,1990-12-23,control
403228,European Robin,Erithacus rubecula,Muscicapidae (Old World Flycatchers),Passeriformes,Old World Flycatchers,2,0,2.0,,,23,12,1990,18.0,19.0,Cantera del Duende,El Rubio,Sevilla,Manuel Vazquez,,1990-12-23,control
403249,European Robin,Erithacus rubecula,Muscicapidae (Old World Flycatchers),Passeriformes,Old World Flycatchers,4,0,0.0,71.0,16.5,4,1,1991,9.0,10.0,Casa Neves,Aznalcazar,Sevilla,Manuel Vazquez,,1991-01-04,control
403707,European Robin,Erithacus rubecula,Muscicapidae (Old World Flycatchers),Passeriformes,Old World Flycatchers,4,0,1.0,,,26,1,1991,13.0,14.0,Cantera del Duende,El Rubio,Sevilla,Manuel Vazquez,,1991-01-26,control
2035276,European Robin,Erithacus rubecula,Muscicapidae (Old World Flycatchers),Passeriformes,Old World Flycatchers,4,0,0.0,,,5,12,1987,8.0,9.0,Casa Neves,Aznalcazar,Sevilla,Manuel Vazquez,,1987-12-05,control
2168474,European Robin,Erithacus rubecula,Muscicapidae (Old World Flycatchers),Passeriformes,Old World Flycatchers,5,0,3.0,,,14,2,1988,17.0,18.0,Casa Neves,Aznalcazar,Sevilla,Manuel Vazquez,,1988-02-14,control
2168475,European Robin,Erithacus rubecula,Muscicapidae (Old World Flycatchers),Passeriformes,Old World Flycatchers,5,0,2.0,,,14,2,1988,15.0,16.0,Casa Neves,Aznalcazar,Sevilla,Manuel Vazquez,,1988-02-14,control
2169070,European Robin,Erithacus rubecula,Muscicapidae (Old World Flycatchers),Passeriformes,Old World Flycatchers,2,0,0.0,,,20,12,1987,12.0,13.0,Dehesa Carchena,Coria del Rio,Sevilla,Manuel Vazquez,,1987-12-20,control
2169861,European Robin,Erithacus rubecula,Muscicapidae (Old World Flycatchers),Passeriformes,Old World Flycatchers,5,0,2.0,,,12,2,1987,17.0,18.0,Casa Neves,Aznalcazar,Sevilla,Manuel Vazquez,,1987-02-12,control
2219908,European Robin,Erithacus rubecula,Muscicapidae (Old World Flycatchers),Passeriformes,Old World Flycatchers,4,0,1.0,,,11,3,1988,16.0,17.0,Cerrado Chico,Puebla del Rio,Sevilla,Manuel Vazquez,,1988-03-11,control
2255832,European Robin,Erithacus rubecula,Muscicapidae (Old World Flycatchers),Passeriformes,Old World Flycatchers,6,0,2.0,,,27,12,1989,17.0,18.0,Huerta El Torno,Dos Hermanas ,Sevilla,Manuel Vazquez,,1989-12-27,control
2255833,European Robin,Erithacus rubecula,Muscicapidae (Old World Flycatchers),Passeriformes,Old World Flycatchers,4,0,0.0,,,14,12,1988,17.0,18.0,Huerta El Torno,Dos Hermanas ,Sevilla,Manuel Vazquez,,1988-12-14,control
2285910,European Robin,Erithacus rubecula,Muscicapidae (Old World Flycatchers),Passeriformes,Old World Flycatchers,2,0,1.0,,,23,12,1990,13.0,14.0,Cantera del Duende,El Rubio,Sevilla,Manuel Vazquez,,1990-12-23,control
2168717,Common Nightingale,Luscinia megarhynchos,Muscicapidae (Old World Flycatchers),Passeriformes,Old World Flycatchers,3,0,2.0,,,15,8,1988,8.0,9.0,Huerta Santa Eufemia,Coria del Rio,Sevilla,Manuel Vazquez,,1988-08-15,control
3005570,Eurasian Blackbird,Turdus merula,Turdidae (Thrushes and Allies),Passeriformes,Thrushes,3,2,3.0,,,5,7,1987,7.0,8.0,Huerta Daniel,Puebla del Rio,Sevilla,Manuel Vazquez,,1987-07-05,control
3005661,Eurasian Blackbird,Turdus merula,Turdidae (Thrushes and Allies),Passeriformes,Thrushes,5,2,0.0,120.0,,26,8,1990,8.0,9.0,Huerta El Torno,Dos Hermanas ,Sevilla,Manuel Vazquez,,1990-08-26,control
3005663,Eurasian Blackbird,Turdus merula,Turdidae (Thrushes and Allies),Passeriformes,Thrushes,5,1,2.0,120.0,,14,1,1990,19.0,20.0,Huerta El Torno,Dos Hermanas ,Sevilla,Manuel Vazquez,,1990-01-14,control
3005667,Eurasian Blackbird,Turdus merula,Turdidae (Thrushes and Allies),Passeriformes,Thrushes,6,2,1.0,,,30,3,1991,18.0,19.0,Huerta El Torno,Dos Hermanas ,Sevilla,Manuel Vazquez,,1991-03-30,control
3005682,Eurasian Blackbird,Turdus merula,Turdidae (Thrushes and Allies),Passeriformes,Thrushes,3,0,1.0,,,17,9,1990,13.0,14.0,Huerta El Torno,Dos Hermanas ,Sevilla,Manuel Vazquez,,1990-09-17,control
3005690,Eurasian Blackbird,Turdus merula,Turdidae (Thrushes and Allies),Passeriformes,Thrushes,3,1,1.0,,,4,10,1990,11.0,12.0,Huerta El Torno,Dos Hermanas ,Sevilla,Manuel Vazquez,,1990-10-04,control
3027711,Eurasian Blackbird,Turdus merula,Turdidae (Thrushes and Allies),Passeriformes,Thrushes,5,2,1.0,,,26,1,1991,18.0,19.0,Huerta El Torno,Dos Hermanas ,Sevilla,Manuel Vazquez,,1991-01-26,control
3027803,Eurasian Blackbird,Turdus merula,Turdidae (Thrushes and Allies),Passeriformes,Thrushes,5,2,2.0,,,7,2,1988,16.0,17.0,Casa Neves,Aznalcazar,Sevilla,Manuel Vazquez,,1988-02-07,control
3027803,Eurasian Blackbird,Turdus merula,Turdidae (Thrushes and Allies),Passeriformes,Thrushes,5,2,2.0,,,7,5,1988,17.0,18.0,Casa Neves,Aznalcazar,Sevilla,Manuel Vazquez,,1988-05-07,control
3027807,Eurasian Blackbird,Turdus merula,Turdidae (Thrushes and Allies),Passeriformes,Thrushes,4,1,2.0,,,13,2,1988,17.0,18.0,Caño Real,Palomares del Rio,Sevilla,Manuel Vazquez,,1988-02-13,control
3027856,Eurasian Blackbird,Turdus merula,Turdidae (Thrushes and Allies),Passeriformes,Thrushes,3,0,1.0,,,9,4,1988,18.0,19.0,Casa Neves,Aznalcazar,Sevilla,Manuel Vazquez,,1988-04-09,control
3027868,Eurasian Blackbird,Turdus merula,Turdidae (Thrushes and Allies),Passeriformes,Thrushes,5,1,1.0,,,2,1,1989,19.0,20.0,Huerta El Torno,Dos Hermanas ,Sevilla,Manuel Vazquez,,1989-01-02,control
3027874,Eurasian Blackbird,Turdus merula,Turdidae (Thrushes and Allies),Passeriformes,Thrushes,4,1,1.0,,,2,1,1989,19.0,20.0,Huerta El Torno,Dos Hermanas ,Sevilla,Manuel Vazquez,,1989-01-02,control
3027874,Eurasian Blackbird,Turdus merula,Turdidae (Thrushes and Allies),Passeriformes,Thrushes,6,1,1.0,,,29,3,1991,18.0,19.0,Huerta El Torno,Dos Hermanas ,Sevilla,Manuel Vazquez,,1991-03-29,control
3027877,Eurasian Blackbird,Turdus merula,Turdidae (Thrushes and Allies),Passeriformes,Thrushes,6,2,3.0,,,28,1,1989,18.0,19.0,El Copero,Dos Hermanas ,Sevilla,Manuel Vazquez,,1989-01-28,control
3027877,Eurasian Blackbird,Turdus merula,Turdidae (Thrushes and Allies),Passeriformes,Thrushes,6,2,1.0,,,25,2,1990,19.0,20.0,El Copero,Dos Hermanas ,Sevilla,Manuel Vazquez,,1990-02-25,control
3090233,Eurasian Blackbird,Turdus merula,Turdidae (Thrushes and Allies),Passeriformes,Thrushes,2,0,,,,4,9,1994,,,Manecorro,Almonte,Huelva,JL Arroyo,,1994-09-04,control
3090208,Eurasian Blackbird,Turdus merula,Turdidae (Thrushes and Allies),Passeriformes,Thrushes,4,2,,,,12,8,1995,,,El Rincon,Almonte,Huelva,JL Arroyo,,1995-08-12,control
3005568,Eurasian Blackbird,Turdus merula,Turdidae (Thrushes and Allies),Passeriformes,Thrushes,3,1,,,,8,9,1987,,,Huerta Daniel,Puebla del Rio,Sevilla,Manuel Vazquez,Cazado,1987-09-08,muerto
3090277,Eurasian Blackbird,Turdus merula,Turdidae (Thrushes and Allies),Passeriformes,Thrushes,4,0,,,,13,6,1997,,,La Escribana,Coria del Rio,Sevilla,Manuel Vazquez,Encontrado muerto,1997-06-13,muerto
3027881,Song Thrush,Turdus philomelos,Turdidae (Thrushes and Allies),Passeriformes,Thrushes,4,0,1.0,113.0,,8,11,1989,17.0,18.0,Huerta El Torno,Dos Hermanas ,Sevilla,Manuel Vazquez,,1989-11-08,control
3027895,Mistle Thrush,Turdus viscivorus,Turdidae (Thrushes and Allies),Passeriformes,Thrushes,4,2,0.0,,,11,5,1989,11.0,12.0,Valcaliente,Constantina,Sevilla,Manuel Vazquez,,1989-05-11,control
3064443,Song Thrush,Turdus philomelos,Turdidae (Thrushes and Allies),Passeriformes,Thrushes,2,0,,,,19,1,1994,,,Torrecuadros,Hinojos,Huelva,J Ayala,Cazado con escopeta,1994-01-19,muerto
2372782,Great Tit,Parus major,"Paridae (Tits, Chickadees, and Titmice)",Passeriformes,"Tits, Chickadees, and Titmice",4,2,,,,12,1,1992,,,Cantera del Duende,El Rubio,Sevilla,Manuel Vazquez,Muerto en red,1992-01-12,control
2550948,Great Tit,Parus major,"Paridae (Tits, Chickadees, and Titmice)",Passeriformes,"Tits, Chickadees, and Titmice",3,0,,,,7,9,1994,,,Manecorro,Almonte,Huelva,JL Arroyo,,1994-09-07,control
230550,Crested Tit,Lophophanes cristatus,"Paridae (Tits, Chickadees, and Titmice)",Passeriformes,"Tits, Chickadees, and Titmice",4,2,2.0,55.0,,17,5,1989,19.0,20.0,Valcaliente,Constantina,Sevilla,Manuel Vazquez,,1989-05-17,control
309246,Crested Tit,Lophophanes cristatus,"Paridae (Tits, Chickadees, and Titmice)",Passeriformes,"Tits, Chickadees, and Titmice",3,0,1.0,,,12,8,1989,9.0,10.0,Valcaliente,Constantina,Sevilla,Manuel Vazquez,,1989-08-12,control
401026,Crested Tit,Lophophanes cristatus,"Paridae (Tits, Chickadees, and Titmice)",Passeriformes,"Tits, Chickadees, and Titmice",4,0,1.0,,,27,7,1990,8.0,9.0,Valcaliente,Constantina,Sevilla,Manuel Vazquez,,1990-07-27,control
230527,Eurasian Blue Tit,Cyanistes caeruleus,"Paridae (Tits, Chickadees, and Titmice)",Passeriformes,"Tits, Chickadees, and Titmice",4,2,0.0,59.5,,20,5,1989,18.0,19.0,Valcaliente,Constantina,Sevilla,Manuel Vazquez,,1989-05-20,control
230535,Eurasian Blue Tit,Cyanistes caeruleus,"Paridae (Tits, Chickadees, and Titmice)",Passeriformes,"Tits, Chickadees, and Titmice",3,0,1.0,63.0,9.5,5,12,1988,10.0,11.0,Valcaliente,Constantina,Sevilla,Manuel Vazquez,,1988-12-05,control
230544,Eurasian Blue Tit,Cyanistes caeruleus,"Paridae (Tits, Chickadees, and Titmice)",Passeriformes,"Tits, Chickadees, and Titmice",5,0,0.0,,,27,7,1989,7.0,8.0,Valcaliente,Constantina,Sevilla,Manuel Vazquez,,1989-07-27,control
230554,Eurasian Blue Tit,Cyanistes caeruleus,"Paridae (Tits, Chickadees, and Titmice)",Passeriformes,"Tits, Chickadees, and Titmice",5,1,1.0,,,27,7,1989,9.0,10.0,Valcaliente,Constantina,Sevilla,Manuel Vazquez,,1989-07-27,control
230557,Eurasian Blue Tit,Cyanistes caeruleus,"Paridae (Tits, Chickadees, and Titmice)",Passeriformes,"Tits, Chickadees, and Titmice",5,0,2.0,,,20,4,1989,10.0,11.0,Valcaliente,Constantina,Sevilla,Manuel Vazquez,,1989-04-20,control
268305,Eurasian Blue Tit,Cyanistes caeruleus,"Paridae (Tits, Chickadees, and Titmice)",Passeriformes,"Tits, Chickadees, and Titmice",4,2,1.0,,,27,7,1989,11.0,12.0,Valcaliente,Constantina,Sevilla,Manuel Vazquez,,1989-07-27,control
268331,Eurasian Blue Tit,Cyanistes caeruleus,"Paridae (Tits, Chickadees, and Titmice)",Passeriformes,"Tits, Chickadees, and Titmice",6,2,4.0,,,20,4,1990,18.0,19.0,Valcaliente,Constantina,Sevilla,Manuel Vazquez,,1990-04-20,control
268340,Eurasian Blue Tit,Cyanistes caeruleus,"Paridae (Tits, Chickadees, and Titmice)",Passeriformes,"Tits, Chickadees, and Titmice",6,0,0.0,,,29,8,1990,8.0,9.0,Valcaliente,Constantina,Sevilla,Manuel Vazquez,,1990-08-29,control
268342,Eurasian Blue Tit,Cyanistes caeruleus,"Paridae (Tits, Chickadees, and Titmice)",Passeriformes,"Tits, Chickadees, and Titmice",4,1,1.0,,,27,7,1989,9.0,10.0,Valcaliente,Constantina,Sevilla,Manuel Vazquez,,1989-07-27,control
268351,Eurasian Blue Tit,Cyanistes caeruleus,"Paridae (Tits, Chickadees, and Titmice)",Passeriformes,"Tits, Chickadees, and Titmice",6,2,0.0,,,27,7,1990,10.0,11.0,Valcaliente,Constantina,Sevilla,Manuel Vazquez,,1990-07-27,control
268366,Eurasian Blue Tit,Cyanistes caeruleus,"Paridae (Tits, Chickadees, and Titmice)",Passeriformes,"Tits, Chickadees, and Titmice",4,1,1.0,,,27,7,1989,9.0,10.0,Valcaliente,Constantina,Sevilla,Manuel Vazquez,,1989-07-27,control
268380,Eurasian Blue Tit,Cyanistes caeruleus,"Paridae (Tits, Chickadees, and Titmice)",Passeriformes,"Tits, Chickadees, and Titmice",5,0,1.0,,,2,7,1990,13.0,14.0,Valcaliente,Constantina,Sevilla,Manuel Vazquez,,1990-07-02,control
271380,Eurasian Blue Tit,Cyanistes caeruleus,"Paridae (Tits, Chickadees, and Titmice)",Passeriformes,"Tits, Chickadees, and Titmice",4,1,1.0,,,27,7,1989,10.0,11.0,Valcaliente,Constantina,Sevilla,Manuel Vazquez,,1989-07-27,control
271384,Eurasian Blue Tit,Cyanistes caeruleus,"Paridae (Tits, Chickadees, and Titmice)",Passeriformes,"Tits, Chickadees, and Titmice",4,2,3.0,,,20,4,1989,,,Valcaliente,Constantina,Sevilla,Manuel Vazquez,,1989-04-20,control
272335,Eurasian Blue Tit,Cyanistes caeruleus,"Paridae (Tits, Chickadees, and Titmice)",Passeriformes,"Tits, Chickadees, and Titmice",5,1,1.0,60.0,,22,8,1989,11.0,12.0,Valcaliente,Constantina,Sevilla,Manuel Vazquez,,1989-08-22,control
309268,Eurasian Blue Tit,Cyanistes caeruleus,"Paridae (Tits, Chickadees, and Titmice)",Passeriformes,"Tits, Chickadees, and Titmice",5,0,0.0,,,29,8,1990,9.0,10.0,Valcaliente,Constantina,Sevilla,Manuel Vazquez,,1990-08-29,control
309757,Eurasian Blue Tit,Cyanistes caeruleus,"Paridae (Tits, Chickadees, and Titmice)",Passeriformes,"Tits, Chickadees, and Titmice",4,0,0.0,,,29,8,1990,8.0,9.0,Valcaliente,Constantina,Sevilla,Manuel Vazquez,,1990-08-29,control
309795,Eurasian Blue Tit,Cyanistes caeruleus,"Paridae (Tits, Chickadees, and Titmice)",Passeriformes,"Tits, Chickadees, and Titmice",3,0,0.0,,,29,8,1990,8.0,9.0,Valcaliente,Constantina,Sevilla,Manuel Vazquez,,1990-08-29,control
401001,Eurasian Blue Tit,Cyanistes caeruleus,"Paridae (Tits, Chickadees, and Titmice)",Passeriformes,"Tits, Chickadees, and Titmice",3,0,1.0,59.0,9.0,24,7,1990,11.0,12.0,Valcaliente,Constantina,Sevilla,Manuel Vazquez,,1990-07-24,control
401006,Eurasian Blue Tit,Cyanistes caeruleus,"Paridae (Tits, Chickadees, and Titmice)",Passeriformes,"Tits, Chickadees, and Titmice",3,0,2.0,61.5,9.0,27,7,1990,10.0,11.0,Valcaliente,Constantina,Sevilla,Manuel Vazquez,,1990-07-27,control
401019,Eurasian Blue Tit,Cyanistes caeruleus,"Paridae (Tits, Chickadees, and Titmice)",Passeriformes,"Tits, Chickadees, and Titmice",4,0,1.0,,,27,7,1990,10.0,11.0,Valcaliente,Constantina,Sevilla,Manuel Vazquez,,1990-07-27,control
401040,Eurasian Blue Tit,Cyanistes caeruleus,"Paridae (Tits, Chickadees, and Titmice)",Passeriformes,"Tits, Chickadees, and Titmice",3,0,1.0,,,27,7,1990,12.0,13.0,Valcaliente,Constantina,Sevilla,Manuel Vazquez,,1990-07-27,control
3090212,Corn Bunting,Emberiza calandra,Emberizidae (Old World Buntings),Passeriformes,Old World Buntings,3,0,,,,25,8,1994,,,El Rincon,Almonte,Huelva,JL Arroyo,Atropellado,1994-08-25,muerto
2035353,Great Tit,Parus major,"Paridae (Tits, Chickadees, and Titmice)",Passeriformes,"Tits, Chickadees, and Titmice",3,0,2.0,,,24,10,1987,17.0,18.0,Casa Neves,Aznalcazar,Sevilla,Manuel Vazquez,,1987-10-24,control
2168088,Great Tit,Parus major,"Paridae (Tits, Chickadees, and Titmice)",Passeriformes,"Tits, Chickadees, and Titmice",5,0,2.0,,,19,3,1988,17.0,18.0,Casa Neves,Aznalcazar,Sevilla,Manuel Vazquez,,1988-03-19,control
2168828,Great Tit,Parus major,"Paridae (Tits, Chickadees, and Titmice)",Passeriformes,"Tits, Chickadees, and Titmice",4,2,0.0,,,24,3,1989,17.0,18.0,La Estrella,Palomares del Rio,Sevilla,Manuel Vazquez,,1989-03-24,control
2285903,Great Tit,Parus major,"Paridae (Tits, Chickadees, and Titmice)",Passeriformes,"Tits, Chickadees, and Titmice",4,2,,,,31,3,1991,10.0,11.0,Cantera del Duende,El Rubio,Sevilla,Manuel Vazquez,,1991-03-31,control
2286616,Great Tit,Parus major,"Paridae (Tits, Chickadees, and Titmice)",Passeriformes,"Tits, Chickadees, and Titmice",2,2,3.0,,,23,12,1990,13.0,14.0,Cantera del Duende,El Rubio,Sevilla,Manuel Vazquez,,1990-12-23,control
2286648,Great Tit,Parus major,"Paridae (Tits, Chickadees, and Titmice)",Passeriformes,"Tits, Chickadees, and Titmice",4,1,1.0,,17.0,31,3,1991,11.0,12.0,Cantera del Duende,El Rubio,Sevilla,Manuel Vazquez,,1991-03-31,control
309250,Long-tailed Tit,Aegithalos caudatus,Aegithalidae (Long-tailed Tits),Passeriformes,Long-tailed Tits and Bushtit,3,0,1.0,,,29,8,1989,8.0,9.0,Valcaliente,Constantina,Sevilla,Manuel Vazquez,,1989-08-29,control
309289,Long-tailed Tit,Aegithalos caudatus,Aegithalidae (Long-tailed Tits),Passeriformes,Long-tailed Tits and Bushtit,3,0,0.0,,,29,8,1989,9.0,10.0,Valcaliente,Constantina,Sevilla,Manuel Vazquez,,1989-08-29,control
271027,Eurasian Penduline-Tit,Remiz pendulinus,Remizidae (Penduline-Tits),Passeriformes,Penduline-Tits and Verdin,2,1,3.0,,,29,12,1988,18.0,19.0,Lucio Poco Abrigo,Puebla del Rio,Sevilla,Manuel Vazquez,,1988-12-29,control
2223806,Eurasian Nuthatch,Sitta europaea,Sittidae (Nuthatches),Passeriformes,Nuthatches,3,0,1.0,,,26,7,1989,13.0,14.0,Valcaliente,Constantina,Sevilla,Manuel Vazquez,,1989-07-26,control
2223807,Eurasian Nuthatch,Sitta europaea,Sittidae (Nuthatches),Passeriformes,Nuthatches,4,1,1.0,83.5,,27,8,1989,12.0,13.0,Valcaliente,Constantina,Sevilla,Manuel Vazquez,,1989-08-27,control
2223810,Eurasian Nuthatch,Sitta europaea,Sittidae (Nuthatches),Passeriformes,Nuthatches,4,0,0.0,,,26,7,1989,13.0,14.0,Valcaliente,Constantina,Sevilla,Manuel Vazquez,,1989-07-26,control
2284504,Eurasian Nuthatch,Sitta europaea,Sittidae (Nuthatches),Passeriformes,Nuthatches,3,0,0.0,88.5,,3,8,1989,12.0,13.0,Valcaliente,Constantina,Sevilla,Manuel Vazquez,,1989-08-03,control
2284511,Eurasian Nuthatch,Sitta europaea,Sittidae (Nuthatches),Passeriformes,Nuthatches,3,0,1.0,,,12,8,1989,13.0,14.0,Valcaliente,Constantina,Sevilla,Manuel Vazquez,,1989-08-12,control
2284512,Eurasian Nuthatch,Sitta europaea,Sittidae (Nuthatches),Passeriformes,Nuthatches,3,0,0.0,,,12,8,1989,12.0,13.0,Valcaliente,Constantina,Sevilla,Manuel Vazquez,,1989-08-12,control
2284726,Eurasian Nuthatch,Sitta europaea,Sittidae (Nuthatches),Passeriformes,Nuthatches,3,0,0.0,,,27,7,1990,10.0,11.0,Valcaliente,Constantina,Sevilla,Manuel Vazquez,,1990-07-27,control
2284739,Eurasian Nuthatch,Sitta europaea,Sittidae (Nuthatches),Passeriformes,Nuthatches,2,0,0.0,,,27,7,1990,11.0,12.0,Valcaliente,Constantina,Sevilla,Manuel Vazquez,,1990-07-27,control
230525,Short-toed Treecreeper,Certhia brachydactyla,Certhiidae (Treecreepers),Passeriformes,Treecreepers,4,0,0.0,,,9,5,1989,9.0,10.0,Valcaliente,Constantina,Sevilla,Manuel Vazquez,,1989-05-09,control
230541,Short-toed Treecreeper,Certhia brachydactyla,Certhiidae (Treecreepers),Passeriformes,Treecreepers,4,1,0.0,,,27,7,1989,9.0,10.0,Valcaliente,Constantina,Sevilla,Manuel Vazquez,,1989-07-27,control
268336,Short-toed Treecreeper,Certhia brachydactyla,Certhiidae (Treecreepers),Passeriformes,Treecreepers,4,0,1.0,,,9,5,1990,11.0,12.0,Valcaliente,Constantina,Sevilla,Manuel Vazquez,,1990-05-09,control
271386,Short-toed Treecreeper,Certhia brachydactyla,Certhiidae (Treecreepers),Passeriformes,Treecreepers,4,0,1.0,,,29,8,1989,10.0,11.0,Valcaliente,Constantina,Sevilla,Manuel Vazquez,,1989-08-29,control
271390,Short-toed Treecreeper,Certhia brachydactyla,Certhiidae (Treecreepers),Passeriformes,Treecreepers,4,1,1.0,,,27,7,1990,11.0,12.0,Valcaliente,Constantina,Sevilla,Manuel Vazquez,,1990-07-27,control
308919,Short-toed Treecreeper,Certhia brachydactyla,Certhiidae (Treecreepers),Passeriformes,Treecreepers,4,0,1.0,,,21,4,1990,15.0,16.0,Valcaliente,Constantina,Sevilla,Manuel Vazquez,,1990-04-21,control
308924,Short-toed Treecreeper,Certhia brachydactyla,Certhiidae (Treecreepers),Passeriformes,Treecreepers,4,2,1.0,,,9,5,1990,11.0,12.0,Valcaliente,Constantina,Sevilla,Manuel Vazquez,,1990-05-09,control
309291,Short-toed Treecreeper,Certhia brachydactyla,Certhiidae (Treecreepers),Passeriformes,Treecreepers,5,0,0.0,,,27,7,1990,10.0,11.0,Valcaliente,Constantina,Sevilla,Manuel Vazquez,,1990-07-27,control
2219721,House Sparrow,Passer domesticus,Passeridae (Old World Sparrows),Passeriformes,Old World Sparrows,4,1,,,,2,4,1997,,,La Escribana,Coria del Rio,Sevilla,Manuel Vazquez,Encontrado muerto,1997-04-02,muerto
2255837,House Sparrow,Passer domesticus,Passeridae (Old World Sparrows),Passeriformes,Old World Sparrows,4,1,2.0,,,24,3,1990,19.0,20.0,Huerta El Torno,Dos Hermanas ,Sevilla,Manuel Vazquez,,1990-03-24,control
2169150,Eurasian Tree Sparrow,Passer montanus,Passeridae (Old World Sparrows),Passeriformes,Old World Sparrows,4,0,2.0,,,13,2,1988,18.0,19.0,Caño Real,Palomares del Rio,Sevilla,Manuel Vazquez,,1988-02-13,control
2169151,Eurasian Tree Sparrow,Passer montanus,Passeridae (Old World Sparrows),Passeriformes,Old World Sparrows,4,0,2.0,,,13,2,1988,18.0,19.0,Caño Real,Palomares del Rio,Sevilla,Manuel Vazquez,,1988-02-13,control
2223860,Rock Sparrow,Petronia petronia,Passeridae (Old World Sparrows),Passeriformes,Old World Sparrows,4,2,0.0,,,9,5,1990,11.0,12.0,Valcaliente,Constantina,Sevilla,Manuel Vazquez,,1990-05-09,control
2284567,Rock Sparrow,Petronia petronia,Passeridae (Old World Sparrows),Passeriformes,Old World Sparrows,4,0,0.0,,,29,9,1990,8.0,9.0,Valcaliente,Constantina,Sevilla,Manuel Vazquez,,1990-09-29,control
2223841,Common Chaffinch,Fringilla coelebs,"Fringillidae (Finches, Euphonias, and Allies)",Passeriformes,"Finches, Euphonias, and Allies",4,1,,,,3,7,1990,,,Valcaliente,Constantina,Sevilla,Manuel Vazquez,Encontrado muerto,1990-07-03,muerto
2220943,Common Chaffinch,Fringilla coelebs,"Fringillidae (Finches, Euphonias, and Allies)",Passeriformes,"Finches, Euphonias, and Allies",4,1,0.0,,,27,8,1989,11.0,14.0,Valcaliente,Constantina,Sevilla,Manuel Vazquez,,1989-08-27,control
2220943,Common Chaffinch,Fringilla coelebs,"Fringillidae (Finches, Euphonias, and Allies)",Passeriformes,"Finches, Euphonias, and Allies",4,1,1.0,86.5,,2,7,1990,11.0,12.0,Valcaliente,Constantina,Sevilla,Manuel Vazquez,,1990-07-02,control
2220946,Common Chaffinch,Fringilla coelebs,"Fringillidae (Finches, Euphonias, and Allies)",Passeriformes,"Finches, Euphonias, and Allies",4,1,0.0,,,21,3,1989,10.0,11.0,Valcaliente,Constantina,Sevilla,Manuel Vazquez,,1989-03-21,control
268289,European Serin,Serinus serinus,"Fringillidae (Finches, Euphonias, and Allies)",Passeriformes,"Finches, Euphonias, and Allies",5,1,1.0,,,9,5,1990,13.0,14.0,Valcaliente,Constantina,Sevilla,Manuel Vazquez,,1990-05-09,control
309055,European Serin,Serinus serinus,"Fringillidae (Finches, Euphonias, and Allies)",Passeriformes,"Finches, Euphonias, and Allies",5,1,0.0,,,29,8,1990,8.0,9.0,Valcaliente,Constantina,Sevilla,Manuel Vazquez,,1990-08-29,control
309060,European Serin,Serinus serinus,"Fringillidae (Finches, Euphonias, and Allies)",Passeriformes,"Finches, Euphonias, and Allies",6,1,1.0,,,8,5,1990,19.0,20.0,Valcaliente,Constantina,Sevilla,Manuel Vazquez,,1990-05-08,control
309240,European Serin,Serinus serinus,"Fringillidae (Finches, Euphonias, and Allies)",Passeriformes,"Finches, Euphonias, and Allies",6,2,1.0,71.0,,4,7,1990,11.0,12.0,Valcaliente,Constantina,Sevilla,Manuel Vazquez,,1990-07-04,control
403744,European Serin,Serinus serinus,"Fringillidae (Finches, Euphonias, and Allies)",Passeriformes,"Finches, Euphonias, and Allies",4,1,1.0,,,26,1,1991,14.0,15.0,Cantera del Duende,El Rubio,Sevilla,Manuel Vazquez,,1991-01-26,control
2286084,European Greenfinch,Chloris chloris,"Fringillidae (Finches, Euphonias, and Allies)",Passeriformes,"Finches, Euphonias, and Allies",3,1,0.0,,,28,10,1990,12.0,13.0,Puñana,Almensilla,Sevilla,Manuel Vazquez,,1990-10-28,control
2168952,European Greenfinch,Chloris chloris,"Fringillidae (Finches, Euphonias, and Allies)",Passeriformes,"Finches, Euphonias, and Allies",3,2,,,,27,11,1987,,,Rio Viejo,Coria del Rio,Sevilla,Particular,Cazado,1987-11-27,muerto
2550956,European Greenfinch,Chloris chloris,"Fringillidae (Finches, Euphonias, and Allies)",Passeriformes,"Finches, Euphonias, and Allies",4,1,,,,22,9,1994,,,Manecorro,Almonte,Huelva,JL Arroyo,,1994-09-22,control
L174290,Eurasian Linnet,Linaria cannabina,"Fringillidae (Finches, Euphonias, and Allies)",Passeriformes,"Finches, Euphonias, and Allies",1,0,,,,13,8,1998,,,El Alcornocal,Los Palacios,Sevilla,Manuel Vazquez,Encontrado solo anilla,1998-08-13,control
403736,European Goldfinch,Carduelis carduelis,"Fringillidae (Finches, Euphonias, and Allies)",Passeriformes,"Finches, Euphonias, and Allies",2,2,1.0,,,31,3,1991,10.0,11.0,Cantera del Duende,El Rubio,Sevilla,Manuel Vazquez,,1991-03-31,control
403917,European Goldfinch,Carduelis carduelis,"Fringillidae (Finches, Euphonias, and Allies)",Passeriformes,"Finches, Euphonias, and Allies",4,1,,,,29,7,1992,,,Valcaliente,Constantina,Sevilla,Sergio Gonzalez,Encontrado muerto,1992-07-29,muerto
401170,Reed Bunting,Emberiza schoeniclus,Emberizidae (Old World Buntings),Passeriformes,Old World Buntings,4,0,,,,27,12,1991,,,Cerrado Chico,Puebla del Rio,Sevilla,Manuel Sosa,,1991-12-27,control
271100,Reed Bunting,Emberiza schoeniclus,Emberizidae (Old World Buntings),Passeriformes,Old World Buntings,5,1,,,,25,1,1989,19.0,20.0,Lucio Poco Abrigo,Puebla del Rio,Sevilla,Manuel Vazquez,,1989-01-25,control
2550942,Common Nightingale,Luscinia megarhynchos,Muscicapidae (Old World Flycatchers),Passeriformes,Old World Flycatchers,4,0,,,,24,5,1996,,,Cañada de Los Pajaros,Puebla del Rio,Sevilla,Manuel Vazquez,,1996-05-24,control
