Anilla,NombreEspecie,E,S,G,Ala,Peso,Tarso,Dia,Mes ,Año,Hora C,Hora F,Ancho tarso,Cola,Pico,Lugar,Municipio,Provincia,Anillador,Observaciones
3062713,Miliaria calandra,2,0,0,92,41,24.4,21,12,1991,,,,78,12.4,Cantaritas,Puebla del Rio,Sevilla,Manuel Vazquez,
4098891,Falco naumanni,3,0,,,,,29,6,2004,,,,,,La Cartuja,Jerez de la Frontera,Cadiz,Otro,
4098892,Falco naumanni,3,0,,,,,30,6,2004,,,,,,La Cartuja,Jerez de la Frontera,Cadiz,Otro,
4098895,Falco naumanni,3,0,,,,,4,7,2004,,,,,,La Cartuja,Jerez de la Frontera,Cadiz,Otro,
5007300,Falco tinnunculus,4,2,,,,,30,11,1991,,,,,,Puebla del Rio,Puebla del Rio,Sevilla,Cazador,Cazada con escopeta
5080011,Falco tinnunculus,4,1,,255,230,,20,12,2005,,,,,,La Fao,Aznalcazar,Sevilla,JL del Valle,
2169202,Alcedo atthis,3,2,1,,,,2,8,1987,6,7,,,,Huerta Daniel,Puebla del Rio,Sevilla,Manuel Vazquez,
2219990,Alcedo atthis,3,2,2,76,38,,14,12,1988,18,19,,,,Lucio Poco Abrigo,Puebla del Rio,Sevilla,Manuel Vazquez,
2219994,Alcedo atthis,3,2,4,76,39.5,,26,12,1988,18,19,,,,Lucio Poco Abrigo,Puebla del Rio,Sevilla,Manuel Vazquez,
2220911,Alcedo atthis,3,0,,,,,1,7,1990,7,8,,,,Lucio Poco Abrigo,Puebla del Rio,Sevilla,Manuel Vazquez,
2220911,Alcedo atthis,3,1,1,,,,15,7,1990,9,10,,,,Lucio Poco Abrigo,Puebla del Rio,Sevilla,Manuel Vazquez,
2220911,Alcedo atthis,3,0,2,78.5,36,,1,11,1990,18,19,,,,Lucio Poco Abrigo,Puebla del Rio,Sevilla,Manuel Vazquez,
2220911,Alcedo atthis,3,1,2,,,,16,12,1990,16,17,,,,Lucio Poco Abrigo,Puebla del Rio,Sevilla,Manuel Vazquez,
229711,Riparia riparia,4,0,,,,,15,5,1988,5,6,,,,La Isleta,Puebla del Rio,Sevilla,Manuel Vazquez,
229729,Riparia riparia,4,2,3,,,,31,3,1988,5,6,,,,La Isleta,Puebla del Rio,Sevilla,Manuel Vazquez,
229743,Riparia riparia,4,0,2,,,,31,3,1988,5,6,,,,La Isleta,Puebla del Rio,Sevilla,Manuel Vazquez,
229738,Riparia riparia,4,0,1,,,,31,3,1988,5,6,,,,La Isleta,Puebla del Rio,Sevilla,Manuel Vazquez,
229788,Riparia riparia,4,1,,,,,15,5,1988,5,6,,,,La Isleta,Puebla del Rio,Sevilla,Manuel Vazquez,
229823,Riparia riparia,4,2,0,,,,15,5,1988,5,6,,,,La Isleta,Puebla del Rio,Sevilla,Manuel Vazquez,
229838,Riparia riparia,4,1,,,,,15,5,1988,5,6,,,,La Isleta,Puebla del Rio,Sevilla,Manuel Vazquez,
229843,Riparia riparia,4,0,2,,,,31,3,1988,5,6,,,,La Isleta,Puebla del Rio,Sevilla,Manuel Vazquez,
229848,Riparia riparia,4,1,,,,,15,5,1988,5,6,,,,La Isleta,Puebla del Rio,Sevilla,Manuel Vazquez,
229877,Riparia riparia,4,2,,,,,15,5,1988,5,6,,,,La Isleta,Puebla del Rio,Sevilla,Manuel Vazquez,
229882,Riparia riparia,4,1,1,,,,15,5,1988,5,6,,,,La Isleta,Puebla del Rio,Sevilla,Manuel Vazquez,
229902,Riparia riparia,4,2,3,,,,31,3,1988,5,6,,,,La Isleta,Puebla del Rio,Sevilla,Manuel Vazquez,
229902,Riparia riparia,4,2,,,,,15,5,1988,5,6,,,,La Isleta,Puebla del Rio,Sevilla,Manuel Vazquez,
229912,Riparia riparia,4,1,0,,,,15,5,1988,5,6,,,,La Isleta,Puebla del Rio,Sevilla,Manuel Vazquez,
229937,Riparia riparia,4,2,1,,,,15,5,1988,5,6,,,,La Isleta,Puebla del Rio,Sevilla,Manuel Vazquez,
229949,Riparia riparia,4,2,1,,,,15,5,1988,5,6,,,,La Isleta,Puebla del Rio,Sevilla,Manuel Vazquez,
229951,Riparia riparia,4,2,,,,,15,5,1988,5,6,,,,La Isleta,Puebla del Rio,Sevilla,Manuel Vazquez,
229952,Riparia riparia,4,2,,,,,15,5,1988,5,6,,,,La Isleta,Puebla del Rio,Sevilla,Manuel Vazquez,
230008,Riparia riparia,4,1,,,,,15,5,1988,5,6,,,,La Isleta,Puebla del Rio,Sevilla,Manuel Vazquez,
230011,Riparia riparia,4,1,,,,,15,5,1988,5,6,,,,La Isleta,Puebla del Rio,Sevilla,Manuel Vazquez,
230016,Riparia riparia,4,1,,,,,15,5,1988,5,6,,,,La Isleta,Puebla del Rio,Sevilla,Manuel Vazquez,
230018,Riparia riparia,4,2,,,,,15,5,1988,5,6,,,,La Isleta,Puebla del Rio,Sevilla,Manuel Vazquez,
230020,Riparia riparia,4,1,,,,,15,5,1988,5,6,,,,La Isleta,Puebla del Rio,Sevilla,Manuel Vazquez,
230021,Riparia riparia,4,0,,,,,15,5,1988,5,6,,,,La Isleta,Puebla del Rio,Sevilla,Manuel Vazquez,
230024,Riparia riparia,4,2,,,,,15,5,1988,5,6,,,,La Isleta,Puebla del Rio,Sevilla,Manuel Vazquez,
230039,Riparia riparia,4,1,,,,,15,5,1988,5,6,,,,La Isleta,Puebla del Rio,Sevilla,Manuel Vazquez,
230041,Riparia riparia,4,1,,,,,15,5,1988,5,6,,,,La Isleta,Puebla del Rio,Sevilla,Manuel Vazquez,
230044,Riparia riparia,4,2,,,,,15,5,1988,5,6,,,,La Isleta,Puebla del Rio,Sevilla,Manuel Vazquez,
230045,Riparia riparia,4,1,,,,,15,5,1988,5,6,,,,La Isleta,Puebla del Rio,Sevilla,Manuel Vazquez,
230047,Riparia riparia,4,2,,,,,15,5,1988,5,6,,,,La Isleta,Puebla del Rio,Sevilla,Manuel Vazquez,
230054,Riparia riparia,4,1,,,,,31,3,1988,5,6,,,,La Isleta,Puebla del Rio,Sevilla,Manuel Vazquez,
230056,Riparia riparia,4,0,,,,,15,5,1988,5,6,,,,La Isleta,Puebla del Rio,Sevilla,Manuel Vazquez,
230081,Riparia riparia,4,1,1,,,,15,5,1988,5,6,,,,La Isleta,Puebla del Rio,Sevilla,Manuel Vazquez,
230088,Riparia riparia,4,1,3,,,,15,5,1988,5,6,,,,La Isleta,Puebla del Rio,Sevilla,Manuel Vazquez,
230095,Riparia riparia,4,2,3,,,,15,5,1988,5,6,,,,La Isleta,Puebla del Rio,Sevilla,Manuel Vazquez,
188649,Hirundo rustica,6,2,3,121,20.5,,26,6,1988,11,12,,,,Cortijo La Atalaya,Puebla del Rio,Sevilla,Manuel Vazquez,
188865,Hirundo rustica,5,1,3,,,,12,3,1988,17,18,,,,Casa Neves,Aznalcazar,Sevilla,Manuel Vazquez,
188889,Hirundo rustica,5,1,3,,,,26,3,1988,16,17,,,,Casa Neves,Aznalcazar,Sevilla,Manuel Vazquez,
191639,Hirundo rustica,4,2,3,,,,12,3,1988,17,18,,,,Casa Neves,Aznalcazar,Sevilla,Manuel Vazquez,
191642,Hirundo rustica,4,0,3,,,,5,3,1988,17,18,,107,,Casa Neves,Aznalcazar,Sevilla,Manuel Vazquez,
191645,Hirundo rustica,4,2,4,,,,6,3,1988,17,18,,,,Casa Neves,Aznalcazar,Sevilla,Manuel Vazquez,
191646,Hirundo rustica,4,0,3,,,,12,3,1988,17,18,,,,Casa Neves,Aznalcazar,Sevilla,Manuel Vazquez,
191646,Hirundo rustica,4,1,2,,,,19,3,1988,15,16,,,,Casa Neves,Aznalcazar,Sevilla,Manuel Vazquez,
191657,Hirundo rustica,4,2,2,,,,6,3,1988,17,18,,,,Casa Neves,Aznalcazar,Sevilla,Manuel Vazquez,
191657,Hirundo rustica,4,2,2,,,,12,3,1988,17,18,,,,Casa Neves,Aznalcazar,Sevilla,Manuel Vazquez,
191659,Hirundo rustica,4,2,4,,,,6,3,1988,17,18,,,,Casa Neves,Aznalcazar,Sevilla,Manuel Vazquez,
191662,Hirundo rustica,4,2,4,,,,13,3,1988,17,18,,,,Casa Neves,Aznalcazar,Sevilla,Manuel Vazquez,
191662,Hirundo rustica,4,2,,,,,16,4,1988,,,,,,Casa Neves,Aznalcazar,Sevilla,Manuel Vazquez,Muerta en nido
191664,Hirundo rustica,4,2,3,,,,6,3,1988,17,18,,,,Casa Neves,Aznalcazar,Sevilla,Manuel Vazquez,
191664,Hirundo rustica,4,2,3,,,,2,4,1988,18,19,,,,Casa Neves,Aznalcazar,Sevilla,Manuel Vazquez,
191648,Hirundo rustica,4,0,3,,,,5,3,1988,17,18,,103,,Casa Neves,Aznalcazar,Sevilla,Manuel Vazquez,
191648,Hirundo rustica,4,0,3,,,,6,3,1988,17,18,,,,Casa Neves,Aznalcazar,Sevilla,Manuel Vazquez,
191648,Hirundo rustica,4,0,4,,,,26,3,1988,17,18,,,,Casa Neves,Aznalcazar,Sevilla,Manuel Vazquez,
191665,Hirundo rustica,4,0,3,,,,6,3,1988,17,18,,,,Casa Neves,Aznalcazar,Sevilla,Manuel Vazquez,
191665,Hirundo rustica,4,0,3,,,,2,4,1988,18,19,,106,,Casa Neves,Aznalcazar,Sevilla,Manuel Vazquez,
191666,Hirundo rustica,4,0,3,,,,6,3,1988,17,18,,84,,Casa Neves,Aznalcazar,Sevilla,Manuel Vazquez,
191679,Hirundo rustica,4,2,3,,,,19,3,1988,15,16,,,,Casa Neves,Aznalcazar,Sevilla,Manuel Vazquez,
191682,Hirundo rustica,4,1,3,,,,19,3,1988,18,19,,,,Casa Neves,Aznalcazar,Sevilla,Manuel Vazquez,
191683,Hirundo rustica,4,2,3,,,,19,3,1988,18,19,,,,Casa Neves,Aznalcazar,Sevilla,Manuel Vazquez,
230680,Hirundo rustica,4,0,0,121,19.3,,26,6,1988,11,12,,,,Cortijo La Atalaya,Puebla del Rio,Sevilla,Manuel Vazquez,
2168411,Anthus pratensis,2,0,,,,,12,3,1988,,,,,,Fuentes,Puebla del Rio,Sevilla,Manuel Vazquez,Cazada por gavilan
2168825,Anthus pratensis,4,0,4,,,,26,3,1989,19,20,,,,La Estrella,Palomares del Rio,Sevilla,Manuel Vazquez,
2223679,Motacilla alba,5,2,3,88,22.5,,3,2,1989,18,19,,,,C/ Sanchez Arjona,Sevilla,Sevilla,Manuel Vazquez,
7044881,Anas platyrhynchos,3,2,,,,,25,9,1999,,,,,,Laguna del Gobierno,La Lantejuela,Sevilla,Manuel Vazquez,Encontrado muerto
7044864,Mivuls migrans,2,0,,,,,4,3,2000,,,,,,Los Montes,Puebla del Rio,Sevilla,Alfonso Romero,Encontrado solo anilla
4003534,Falco naumanni,2,0,,,,,16,6,1991,,,,,,Cortijo Habichuela,Estepa,Sevilla,Manuel Vazquez,Encontrado muerto
4003539,Falco naumanni,1,0,,,,,23,6,1991,,,,,,Cortijo Habichuela,Estepa,Sevilla,Manuel Vazquez,Encontrado muerto
4003540,Falco naumanni,1,0,,,,,23,6,1991,,,,,,Cortijo Habichuela,Estepa,Sevilla,Manuel Vazquez,Encontrado muerto
4003541,Falco naumanni,1,0,,,,,23,6,1991,,,,,,Cortijo Habichuela,Estepa,Sevilla,Manuel Vazquez,Encontrado muerto
4003544,Falco naumanni,1,0,,,,,23,6,1991,,,,,,Cortijo Habichuela,Estepa,Sevilla,Manuel Vazquez,Encontrado muerto
4003551,Falco naumanni,1,0,,,,,30,6,1991,,,,,,Villar de las Culebras,Osuna,Sevilla,Manuel Vazquez,Encontrado muerto
5010269,Falco tinnunculus,1,0,,,,,21,7,1991,,,,,,Cortijo Habichuela,Estepa,Sevilla,Manuel Vazquez,Encontrado muerto
7009760,Fulica atra,1,0,,,,,30,6,1990,,,,,,Laguna Escalera,El Rubio,Sevilla,Manuel Vazquez,Atropellado
T027808,Cahradrius alexandrinus,4,0,,,,,1,10,2000,,,,,,Laguna del Gobierno,La Lantejuela,Sevilla,Manuel Vazquez,Encontrado muerto
4003661,Coracias garrulus,1,0,,,,,13,7,1991,,,,,,Cortijo Habichuela,Estepa,Sevilla,Manuel Vazquez,Encontrado muerto
7045436,Asio otus,1,0,,,,,25,7,2000,,,,,,Pino Dorado,Puebla del Rio,Sevilla,Alfonso Romero,Encontrado muerto
3090235,Upupa epops,3,0,,,,,5,9,1994,,,,,,Manecorro,Almonte,Huelva,JL Arroyo,
T007755,Caildris ferruginea,4,0,,,,,6,5,1998,,,,,,Marismas del Odiel,Huelva,Huelva,JL Arroyo,
4048368,Tringa totanus,4,0,,,,,24,9,1998,,,,,,Marismas del Odiel,Huelva,Huelva,JL Arroyo,
9015558,Ciconia ciconia,2,0,,,,,12,6,1994,,,,,,Dehesa de Abajo,Puebla del Rio,Sevilla,Manuel Vazquez,Encontrado solo anilla
9004110,Ciconia ciconia,4,0,,,,,12,6,1994,,,,,,Dehesa de Abajo,Puebla del Rio,Sevilla,Manuel Vazquez,Encontrado solo anilla
3037708,Cyanopica cyana,4,0,,,,,3,3,1991,,,,,,El Acebuche,Almonte,Huelva,Manuel Vazquez,
3037708,Cyanopica cyana,4,0,2,127,67,,18,3,1991,,,,,,El Acebuche,Almonte,Huelva,Manuel Vazquez,
3037708,Cyanopica cyana,4,0,1,,,,7,4,1991,,,,,,El Acebuche,Almonte,Huelva,Manuel Vazquez,
3037709,Cyanopica cyana,4,0,,,,,20,2,1991,,,,,,El Acebuche,Almonte,Huelva,Manuel Vazquez,
3037709,Cyanopica cyana,4,0,,,,,16,3,1991,,,,,,El Acebuche,Almonte,Huelva,Manuel Vazquez,
3037709,Cyanopica cyana,4,0,,,,,17,3,1991,,,,,,El Acebuche,Almonte,Huelva,Manuel Vazquez,
3037710,Cyanopica cyana,4,0,0,,75,,6,4,1991,,,,,,El Acebuche,Almonte,Huelva,Manuel Vazquez,
3037711,Cyanopica cyana,4,0,0,,,,3,3,1991,,,,,,El Acebuche,Almonte,Huelva,Manuel Vazquez,
3037114,Cyanopica cyana,4,0,,,,,3,3,1991,,,,,,El Acebuche,Almonte,Huelva,Manuel Vazquez,
3037114,Cyanopica cyana,4,0,0,,77.5,,7,4,1991,,,,,,El Acebuche,Almonte,Huelva,Manuel Vazquez,
176655,Cettia cetti,4,2,0,,,,21,6,1987,,,,,,Huerta Daniel,Puebla del Rio,Sevilla,Manuel Vazquez,
176664,Cettia cetti,3,0,0,,,,5,7,1987,,,,,,Huerta Daniel,Puebla del Rio,Sevilla,Manuel Vazquez,
191389,Cettia cetti,4,2,1,,,,11,3,1988,,,,,,Cerrado Chico,Puebla del Rio,Sevilla,Manuel Vazquez,
191400,Cettia cetti,4,1,2,,,,11,3,1988,,,,,,Cerrado Chico,Puebla del Rio,Sevilla,Manuel Vazquez,
230331,Cettia cetti,3,2,3,57,10.5,,14,12,1988,,,,,,Lucio Poco Abrigo,Puebla del Rio,Sevilla,Manuel Vazquez,
231629,Cettia cetti,3,2,4,57,11,,17,11,1988,,,,,,Lucio Poco Abrigo,Puebla del Rio,Sevilla,Manuel Vazquez,
231630,Cettia cetti,2,2,4,55.5,,,29,12,1988,,,,,,Lucio Poco Abrigo,Puebla del Rio,Sevilla,Manuel Vazquez,
231698,Cettia cetti,4,1,1,,,,20,4,1988,,,,,,Cerrado Chico,Puebla del Rio,Sevilla,Manuel Vazquez,
231665,Cettia cetti,4,2,3,,,,11,3,1988,,,,,,Cerrado Chico,Puebla del Rio,Sevilla,Manuel Vazquez,
309697,Cettia cetti,4,1,3,63,13,,3,11,1990,,,,,,Cerrado Chico,Puebla del Rio,Sevilla,Manuel Vazquez,
268253,Cisticola juncidis,3,0,4,47,9,,12,11,1988,,,,,,Huerta Daniel,Puebla del Rio,Sevilla,Manuel Vazquez,
268255,Cisticola juncidis,3,0,4,46,7.5,,12,11,1988,,,,,,Huerta Daniel,Puebla del Rio,Sevilla,Manuel Vazquez,
268287,Cisticola juncidis,3,0,4,48,8,,12,11,1988,,,,,,Huerta Daniel,Puebla del Rio,Sevilla,Manuel Vazquez,
271225,Cisticola juncidis,3,0,4,50,8.5,,12,11,1988,,,,,,Huerta Daniel,Puebla del Rio,Sevilla,Manuel Vazquez,
271403,Cisticola juncidis,3,0,5,52,9.5,,12,11,1988,,,,,,Huerta Daniel,Puebla del Rio,Sevilla,Manuel Vazquez,
271414,Cisticola juncidis,3,0,4,50,8,,12,11,1988,,,,,,Huerta Daniel,Puebla del Rio,Sevilla,Manuel Vazquez,
271428,Cisticola juncidis,3,0,3,52,805,,12,11,1988,,,,,,Huerta Daniel,Puebla del Rio,Sevilla,Manuel Vazquez,
271430,Cisticola juncidis,3,0,4,48,8,,12,11,1988,,,,,,Huerta Daniel,Puebla del Rio,Sevilla,Manuel Vazquez,
2223884,Lanius senator,4,2,,,,,20,7,1989,,,,,,Valcaliente,Constantina,Sevilla,Manuel Vazquez,Ahogado en alberca
191453,Acrocephalus scirpaceus,4,0,0,65.5,11,,14,5,1988,7,9,,,,Cerrado Chico,Puebla del Rio,Sevilla,Manuel Vazquez,
309767,Acrocephalus scirpaceus,4,0,1,61,,,15,8,1990,8,9,,,,Lucio Poco Abrigo,Puebla del Rio,Sevilla,Manuel Vazquez,
309906,Acrocephalus scirpaceus,2,0,1,,,,22,7,1990,8,9,,,,Lucio Poco Abrigo,Puebla del Rio,Sevilla,Manuel Vazquez,
2168534,Acrocephalus arundinaceus,4,2,0,91,32.2,,14,5,1988,7,8,,,,Cerrado Chico,Puebla del Rio,Sevilla,Manuel Vazquez,
2255177,Acrocephalus arundinaceus,4,1,0,95,,,13,6,1990,9,10,,,,Lucio Poco Abrigo,Puebla del Rio,Sevilla,Manuel Vazquez,
2255195,Acrocephalus arundinaceus,4,2,1,,,,22,7,1990,9,10,,,,Lucio Poco Abrigo,Puebla del Rio,Sevilla,Manuel Vazquez,
2255197,Acrocephalus arundinaceus,4,0,2,,,,7,7,1990,19,20,,,,Lucio Poco Abrigo,Puebla del Rio,Sevilla,Manuel Vazquez,
2258410,Acrocephalus arundinaceus,4,2,1,,,,22,7,1990,9,10,,,,Lucio Poco Abrigo,Puebla del Rio,Sevilla,Manuel Vazquez,
176742,Hippolais pallida,3,0,1,,,,2,8,1987,6,7,,,,Huerta Daniel,Puebla del Rio,Sevilla,Manuel Vazquez,
176744,Hippolais pallida,4,2,0,,,,2,8,1987,10,11,,,,Huerta Daniel,Puebla del Rio,Sevilla,Manuel Vazquez,
191481,Hippolais pallida,4,1,0,,,,21,7,1988,8,9,,,,Huerta Daniel,Puebla del Rio,Sevilla,Manuel Vazquez,
2226034,Sylvia borin,2,0,3,,22,,17,9,1990,12,13,,,,Huerta El Torno,Dos Hermanas ,Sevilla,Manuel Vazquez,
2169107,Sylvia atricapilla,6,1,3,,,,1,1,1988,,,,,,Dehesa de Carchena,Coria del Rio,Sevilla,Manuel Vazquez,
2169107,Sylvia atricapilla,6,1,3,,,,24,1,1988,,,,,,Dehesa de Carchena,Coria del Rio,Sevilla,Manuel Vazquez,
2195584,Sylvia atricapilla,5,2,0,,,,30,1,1988,9,10,,,,Casa Neves,Aznalcazar,Sevilla,Manuel Vazquez,
2195594,Sylvia atricapilla,3,1,0,,,,5,12,1987,10,11,,,,Casa Neves,Aznalcazar,Sevilla,Manuel Vazquez,
2195601,Sylvia atricapilla,5,1,1,,,,30,1,1988,9,10,,,,Casa Neves,Aznalcazar,Sevilla,Manuel Vazquez,
2220251,Sylvia atricapilla,4,1,3,,,,24,1,1988,16,17,,,,Dehesa de Carchena,Coria del Rio,Sevilla,Manuel Vazquez,
271105,Sylvia atricapilla,4,2,5,,,,14,3,1989,16,17,,,,La Estrella,Palomares del Rio,Sevilla,Manuel Vazquez,
271120,Sylvia atricapilla,4,1,1,,,,4,3,1989,12,13,,,,La Estrella,Palomares del Rio,Sevilla,Manuel Vazquez,
2168425,Sylvia atricapilla,3,1,1,,,,20,12,1987,12,13,,,,Dehesa de Carchena,Coria del Rio,Sevilla,Manuel Vazquez,
2168425,Sylvia atricapilla,3,1,1,,,,21,12,1987,17,18,,,,Dehesa de Carchena,Coria del Rio,Sevilla,Manuel Vazquez,
2168425,Sylvia atricapilla,3,1,2,,,,25,12,1987,17,18,,,,Dehesa de Carchena,Coria del Rio,Sevilla,Manuel Vazquez,
2168436,Sylvia atricapilla,5,2,2,,,,30,1,1988,18,19,,,,Casa Neves,Aznalcazar,Sevilla,Manuel Vazquez,
2168458,Sylvia atricapilla,5,2,2,,,,14,2,1988,9,10,,,,Casa Neves,Aznalcazar,Sevilla,Manuel Vazquez,
2168459,Sylvia atricapilla,5,2,3,,,,14,2,1988,10,11,,,,Casa Neves,Aznalcazar,Sevilla,Manuel Vazquez,
2168466,Sylvia atricapilla,5,2,2,,,,31,1,1988,18,19,,,,Casa Neves,Aznalcazar,Sevilla,Manuel Vazquez,
2168484,Sylvia atricapilla,5,1,3,,,,14,2,1988,18,19,,,,Casa Neves,Aznalcazar,Sevilla,Manuel Vazquez,
2169066,Sylvia atricapilla,2,2,1,,,,20,12,1987,10,11,,,,Dehesa de Carchena,Coria del Rio,Sevilla,Manuel Vazquez,
2169066,Sylvia atricapilla,4,2,2,,,,21,2,1988,15,16,,,,Dehesa de Carchena,Coria del Rio,Sevilla,Manuel Vazquez,
2169066,Sylvia atricapilla,4,2,3,,,,6,3,1988,14,15,,,,Dehesa de Carchena,Coria del Rio,Sevilla,Manuel Vazquez,
2169068,Sylvia atricapilla,2,2,2,,,,1,1,1988,17,18,,,,Dehesa de Carchena,Coria del Rio,Sevilla,Manuel Vazquez,
2169068,Sylvia atricapilla,4,2,4,,,,31,1,1988,17,18,,,,Dehesa de Carchena,Coria del Rio,Sevilla,Manuel Vazquez,
2169101,Sylvia atricapilla,3,1,2,,,,1,1,1988,17,18,,,,Dehesa de Carchena,Coria del Rio,Sevilla,Manuel Vazquez,
2169106,Sylvia atricapilla,5,1,4,,,,24,1,1988,17,18,,,,Dehesa de Carchena,Coria del Rio,Sevilla,Manuel Vazquez,
2169114,Sylvia atricapilla,4,1,3,,,,21,2,1988,16,17,,,,Dehesa de Carchena,Coria del Rio,Sevilla,Manuel Vazquez,
2169141,Sylvia atricapilla,6,2,3,,,,13,2,1988,18,19,,,,Caño Real,Palomares del Rio,Sevilla,Manuel Vazquez,
2169143,Sylvia atricapilla,5,1,4,,,,13,2,1988,16,17,,,,Caño Real,Palomares del Rio,Sevilla,Manuel Vazquez,
2169145,Sylvia atricapilla,5,2,3,,,,13,2,1988,18,19,,,,Caño Real,Palomares del Rio,Sevilla,Manuel Vazquez,
2169147,Sylvia atricapilla,5,2,3,,,,13,2,1988,18,19,,,,Caño Real,Palomares del Rio,Sevilla,Manuel Vazquez,
2169149,Sylvia atricapilla,5,2,2,,,,13,2,1988,18,19,,,,Caño Real,Palomares del Rio,Sevilla,Manuel Vazquez,
2169783,Sylvia atricapilla,5,2,0,,,,30,1,1988,9,10,,,,Casa Neves,Aznalcazar,Sevilla,Manuel Vazquez,
2169790,Sylvia atricapilla,3,1,0,,,,5,12,1987,10,11,,,,Casa Neves,Aznalcazar,Sevilla,Manuel Vazquez,
2169792,Sylvia atricapilla,6,1,2,,,,30,1,1988,9,10,,,,Casa Neves,Aznalcazar,Sevilla,Manuel Vazquez,
2169851,Sylvia atricapilla,6,1,3,,,,12,2,1988,18,19,,,,Casa Neves,Aznalcazar,Sevilla,Manuel Vazquez,
2169853,Sylvia atricapilla,6,2,5,,,,12,2,1988,18,19,,,,Casa Neves,Aznalcazar,Sevilla,Manuel Vazquez,
2220885,Sylvia atricapilla,5,1,2,,,,14,2,1988,18,19,,,,Casa Neves,Aznalcazar,Sevilla,Manuel Vazquez,
2255150,Sylvia atricapilla,4,1,3,74.5,19.5,,6,11,1990,16,17,,,,Huerta El Torno,Dos Hermanas ,Sevilla,Manuel Vazquez,
2255263,Sylvia atricapilla,4,2,3,70,,,14,1,1990,19,20,,,,Huerta El Torno,Dos Hermanas ,Sevilla,Manuel Vazquez,
2255272,Sylvia atricapilla,5,1,3,,,,24,3,1990,18,19,,,,Huerta El Torno,Dos Hermanas ,Sevilla,Manuel Vazquez,
2286625,Sylvia atricapilla,4,2,0,70.5,17.5,,4,1,1990,12,13,,,,Casa Neves,Aznalcazar,Sevilla,Manuel Vazquez,
2286627,Sylvia atricapilla,4,2,1,75,19.5,,4,1,1990,11,12,,,,Casa Neves,Aznalcazar,Sevilla,Manuel Vazquez,
2286631,Sylvia atricapilla,4,2,0,73.5,17.5,,4,1,1990,9,10,,,,Casa Neves,Aznalcazar,Sevilla,Manuel Vazquez,
2286634,Sylvia atricapilla,4,2,1,71.5,19.5,,4,1,1990,10,11,,,,Casa Neves,Aznalcazar,Sevilla,Manuel Vazquez,
33854,Sylvia melanocephala,6,1,0,,,,30,1,1988,9,10,,,,Casa Neves,Aznalcazar,Sevilla,Manuel Vazquez,
191314,Sylvia melanocephala,6,1,2,,,,12,2,1988,18,19,,,,Casa Neves,Aznalcazar,Sevilla,Manuel Vazquez,
191364,Sylvia melanocephala,5,1,3,,,,26,12,1988,12,13,,,,Casa Neves,Aznalcazar,Sevilla,Manuel Vazquez,
268004,Sylvia melanocephala,3,2,2,,,,30,10,1988,11,12,,,,Huerta La Libertad,Puebla del Rio,Sevilla,Manuel Vazquez,
309100,Sylvia melanocephala,6,1,5,,,,10,2,1990,18,19,,,,Valcaliente,Constantina,Sevilla,Manuel Vazquez,
309317,Sylvia melanocephala,4,1,0,58,,,29,7,1990,18,19,,,,Cantera del Duende,El Rubio,Sevilla,Manuel Vazquez,
309317,Sylvia melanocephala,4,1,1,58,,,9,9,1990,19,20,,,,Cantera del Duende,El Rubio,Sevilla,Manuel Vazquez,
4003522,Pica pica,4,0,,,,,17,11,1992,,,,,,El Acebuche,Almonte,Huelva,Hector Garrido,
4003522,Pica pica,4,0,,,,,19,10,1993,,,,,,El Acebuche,Almonte,Huelva,Hector Garrido,
2223884,Lanius senator,2,0,,,,,20,7,1989,,,,,,Valcaliente,Constantina,Sevilla,Manuel Vazquez,Ahogado en alberca
191310,Phylloscopus collybita,4,0,1,56,,,12,2,1988,18,19,,,,Casa Neves,Aznalcazar,Sevilla,Manuel Vazquez,
191317,Phylloscopus collybita,4,0,4,54,,,12,2,1988,17,18,,,,Casa Neves,Aznalcazar,Sevilla,Manuel Vazquez,
191348,Phylloscopus collybita,4,0,3,,,,19,1,1988,18,19,,,,Vuelta Cojo,Puebla del Rio,Sevilla,Manuel Vazquez,
191382,Phylloscopus collybita,4,0,2,51,,,11,3,1988,16,17,,,,Casa Neves,Aznalcazar,Sevilla,Manuel Vazquez,
191395,Phylloscopus collybita,4,0,4,54,,,11,3,1988,18,19,,,,Cerrado Chico,Puebla del Rio,Sevilla,Manuel Vazquez,
191410,Phylloscopus collybita,4,0,2,,,,31,1,1988,17,18,,,,Dehesa Carchena,Coria del Rio,Sevilla,Manuel Vazquez,
191428,Phylloscopus collybita,4,0,1,57,,,13,2,1988,18,19,,,,Caño Real,Palomares del Rio,Sevilla,Manuel Vazquez,
191430,Phylloscopus collybita,4,0,1,57,,,13,2,1988,18,19,,,,Caño Real,Palomares del Rio,Sevilla,Manuel Vazquez,
191617,Phylloscopus collybita,4,0,3,,,,31,8,1988,17,18,,,,Dehesa Carchena,Coria del Rio,Sevilla,Manuel Vazquez,
230369,Phylloscopus collybita,4,0,4,56,7,,26,12,1988,18,19,,,,Lucio Poco Abrigo,Puebla del Rio,Sevilla,Manuel Vazquez,
230369,Phylloscopus collybita,4,0,1,55,,,4,2,1989,19,20,,,,Lucio Poco Abrigo,Puebla del Rio,Sevilla,Manuel Vazquez,
230398,Phylloscopus collybita,3,0,2,55,6.5,,26,12,1988,18,19,,,,Lucio Poco Abrigo,Puebla del Rio,Sevilla,Manuel Vazquez,
231653,Phylloscopus collybita,4,0,3,55,,,11,3,1988,16,17,,,,Cerrado Chico,Puebla del Rio,Sevilla,Manuel Vazquez,
231699,Phylloscopus collybita,2,0,2,59,6.5,,26,12,1988,18,19,,,,Lucio Poco Abrigo,Puebla del Rio,Sevilla,Manuel Vazquez,
268014,Phylloscopus collybita,2,0,5,,,,30,10,1988,13,14,,,,Huerta La Libertad,Puebla del Rio,Sevilla,Manuel Vazquez,
268196,Phylloscopus collybita,2,0,1,,,,3,2,1989,13,14,,,,La Estrella,Palomares del Rio,Sevilla,Manuel Vazquez,
271043,Phylloscopus collybita,2,0,1,,,,25,1,1989,19,20,,,,Lucio Poco Abrigo,Puebla del Rio,Sevilla,Manuel Vazquez,
271093,Phylloscopus collybita,2,0,2,61,,,29,12,1988,18,19,,,,Lucio Poco Abrigo,Puebla del Rio,Sevilla,Manuel Vazquez,
272343,Phylloscopus collybita,4,0,3,54,,,10,12,1989,19,20,,,,Huerta El Torno,Dos Hermanas ,Sevilla,Manuel Vazquez,
272369,Phylloscopus collybita,4,0,0,54.5,,,2,1,1989,19,20,,,,Huerta El Torno,Dos Hermanas ,Sevilla,Manuel Vazquez,
272377,Phylloscopus collybita,4,0,3,53.5,,,2,1,1989,19,20,,,,Huerta El Torno,Dos Hermanas ,Sevilla,Manuel Vazquez,
309633,Phylloscopus collybita,4,0,4,57,7.5,,6,11,1990,17,18,,,,Huerta El Torno,Dos Hermanas ,Sevilla,Manuel Vazquez,
309704,Phylloscopus collybita,4,0,2,55,7,,6,11,1990,17,18,,,,Huerta El Torno,Dos Hermanas ,Sevilla,Manuel Vazquez,
403294,Phylloscopus collybita,2,0,2,,,,16,12,1990,19,20,,,,Lucio Poco Abrigo,Puebla del Rio,Sevilla,Manuel Vazquez,
473006,Erithacus rubecula,5,0,,,,,29,1,1992,,,,,,La Algaida,Sanlucar de Barrameda,Cadiz,Particular,Cazada 
2195591,Erithacus rubecula,4,0,2,,,,5,12,1987,8,9,,,,Casa Neves,Aznalcazar,Sevilla,Manuel Vazquez,
2195581,Erithacus rubecula,3,0,0,,,,5,12,1987,9,10,,,,Casa Neves,Aznalcazar,Sevilla,Manuel Vazquez,
2255287,Erithacus rubecula,4,0,,,,,15,1,1991,,,,,,Valcaliente,Constantina,Sevilla,Manuel Vazquez,Cazada por gato
2550945,Luscinia megarhynchos,2,0,,,,,1,9,1994,,,,,,Manecorro,Almonte,Huelva,JL Arroyo,
2550947,Luscinia megarhynchos,2,0,,,,,3,9,1994,,,,,,Manecorro,Almonte,Huelva,JL Arroyo,
309228,Muscicapa striata,4,0,1,,,,9,5,1990,13,14,,,,Valcaliente,Constantina,Sevilla,Manuel Vazquez,
2168443,Phoenicurus ochruros,2,0,2,,,,3,1,1988,17,18,,,,Casa Neves,Aznalcazar,Sevilla,Manuel Vazquez,
2168444,Phoenicurus ochruros,6,1,1,,,,6,2,1988,17,18,,,,Casa Neves,Aznalcazar,Sevilla,Manuel Vazquez,
2168461,Phoenicurus ochruros,4,0,2,,,,31,1,1988,18,19,,,,Casa Neves,Aznalcazar,Sevilla,Manuel Vazquez,
2168462,Phoenicurus ochruros,4,0,1,,,,6,2,1988,17,18,,,,Casa Neves,Aznalcazar,Sevilla,Manuel Vazquez,
2220856,Phoenicurus ochruros,4,2,,,,,26,12,1988,12,13,,,,Casa Neves,Aznalcazar,Sevilla,Manuel Vazquez,
231697,Luscinia svecica,6,1,2,71,,,28,2,1990,19,20,,,,Cerrado Chico,Puebla del Rio,Sevilla,Manuel Vazquez,
2219910,Luscinia svecica,4,2,3,72,16.5,,14,12,1988,18,19,,,,Lucio Poco Abrigo,Puebla del Rio,Sevilla,Manuel Vazquez,
271018,Erithacus rubecula,5,0,1,,,,25,1,1989,19,20,,,,Lucio Poco Abrigo,Puebla del Rio,Sevilla,Manuel Vazquez,
401183,Erithacus rubecula,5,0,0,,,,16,11,1990,11,12,,,,Casa Neves,Aznalcazar,Sevilla,Manuel Vazquez,
403207,Erithacus rubecula,3,0,0,,,,23,12,1990,13,14,,,,Cantera del Duende,El Rubio,Sevilla,Manuel Vazquez,
403212,Erithacus rubecula,3,0,1,,,,23,12,1990,12,13,,,,Cantera del Duende,El Rubio,Sevilla,Manuel Vazquez,
403228,Erithacus rubecula,2,0,2,,,,23,12,1990,18,19,,,,Cantera del Duende,El Rubio,Sevilla,Manuel Vazquez,
403249,Erithacus rubecula,4,0,0,71,16.5,,4,1,1991,9,10,,,,Casa Neves,Aznalcazar,Sevilla,Manuel Vazquez,
403707,Erithacus rubecula,4,0,1,,,,26,1,1991,13,14,,,,Cantera del Duende,El Rubio,Sevilla,Manuel Vazquez,
2035276,Erithacus rubecula,4,0,0,,,,5,12,1987,8,9,,,,Casa Neves,Aznalcazar,Sevilla,Manuel Vazquez,
2168474,Erithacus rubecula,5,0,3,,,,14,2,1988,17,18,,,,Casa Neves,Aznalcazar,Sevilla,Manuel Vazquez,
2168475,Erithacus rubecula,5,0,2,,,,14,2,1988,15,16,,,,Casa Neves,Aznalcazar,Sevilla,Manuel Vazquez,
2169070,Erithacus rubecula,2,0,0,,,,20,12,1987,12,13,,,,Dehesa Carchena,Coria del Rio,Sevilla,Manuel Vazquez,
2169861,Erithacus rubecula,5,0,2,,,,12,2,1987,17,18,,,,Casa Neves,Aznalcazar,Sevilla,Manuel Vazquez,
2219908,Erithacus rubecula,4,0,1,,,,11,3,1988,16,17,,,,Cerrado Chico,Puebla del Rio,Sevilla,Manuel Vazquez,
2255832,Erithacus rubecula,6,0,2,,,,27,12,1989,17,18,,,,Huerta El Torno,Dos Hermanas ,Sevilla,Manuel Vazquez,
2255833,Erithacus rubecula,4,0,0,,,,14,12,1988,17,18,,,,Huerta El Torno,Dos Hermanas ,Sevilla,Manuel Vazquez,
2285910,Erithacus rubecula,2,0,1,,,,23,12,1990,13,14,,,,Cantera del Duende,El Rubio,Sevilla,Manuel Vazquez,
2168717,Luscinia megarhynchos,3,0,2,,,,15,8,1988,8,9,,,,Huerta Santa Eufemia,Coria del Rio,Sevilla,Manuel Vazquez,
3005570,Turdus merula,3,2,3,,,,5,7,1987,7,8,,,,Huerta Daniel,Puebla del Rio,Sevilla,Manuel Vazquez,
3005661,Turdus merula,5,2,0,120,,,26,8,1990,8,9,,,,Huerta El Torno,Dos Hermanas ,Sevilla,Manuel Vazquez,
3005663,Turdus merula,5,1,2,120,,,14,1,1990,19,20,,,,Huerta El Torno,Dos Hermanas ,Sevilla,Manuel Vazquez,
3005667,Turdus merula,6,2,1,,,,30,3,1991,18,19,,,,Huerta El Torno,Dos Hermanas ,Sevilla,Manuel Vazquez,
3005682,Turdus merula,3,0,1,,,,17,9,1990,13,14,,,,Huerta El Torno,Dos Hermanas ,Sevilla,Manuel Vazquez,
3005690,Turdus merula,3,1,1,,,,4,10,1990,11,12,,,,Huerta El Torno,Dos Hermanas ,Sevilla,Manuel Vazquez,
3027711,Turdus merula,5,2,1,,,,26,1,1991,18,19,,,,Huerta El Torno,Dos Hermanas ,Sevilla,Manuel Vazquez,
3027803,Turdus merula,5,2,2,,,,7,2,1988,16,17,,,,Casa Neves,Aznalcazar,Sevilla,Manuel Vazquez,
3027803,Turdus merula,5,2,2,,,,7,5,1988,17,18,,,,Casa Neves,Aznalcazar,Sevilla,Manuel Vazquez,
3027807,Turdus merula,4,1,2,,,,13,2,1988,17,18,,,,Caño Real,Palomares del Rio,Sevilla,Manuel Vazquez,
3027856,Turdus merula,3,0,1,,,,9,4,1988,18,19,,,,Casa Neves,Aznalcazar,Sevilla,Manuel Vazquez,
3027868,Turdus merula,5,1,1,,,,2,1,1989,19,20,,,,Huerta El Torno,Dos Hermanas ,Sevilla,Manuel Vazquez,
3027874,Turdus merula,4,1,1,,,,2,1,1989,19,20,,,,Huerta El Torno,Dos Hermanas ,Sevilla,Manuel Vazquez,
3027874,Turdus merula,6,1,1,,,,29,3,1991,18,19,,,,Huerta El Torno,Dos Hermanas ,Sevilla,Manuel Vazquez,
3027877,Turdus merula,6,2,3,,,,28,1,1989,18,19,,,,El Copero,Dos Hermanas ,Sevilla,Manuel Vazquez,
3027877,Turdus merula,6,2,1,,,,25,2,1990,19,20,,,,El Copero,Dos Hermanas ,Sevilla,Manuel Vazquez,
3090233,Turdus merula,2,0,,,,,4,9,1994,,,,,,Manecorro,Almonte,Huelva,JL Arroyo,
3090208,Turdus merula,4,2,,,,,12,8,1995,,,,,,El Rincon,Almonte,Huelva,JL Arroyo,
3005568,Turdus merula,3,1,,,,,8,9,1987,,,,,,Huerta Daniel,Puebla del Rio,Sevilla,Manuel Vazquez,Cazado
3090277,Turdus merula,4,0,,,,,13,6,1997,,,,,,La Escribana,Coria del Rio,Sevilla,Manuel Vazquez,Encontrado muerto
3027881,Turdus philomelos,4,0,1,113,,,8,11,1989,17,18,,,,Huerta El Torno,Dos Hermanas ,Sevilla,Manuel Vazquez,
3027895,Turdus viscivorus,4,2,0,,,,11,5,1989,11,12,,,,Valcaliente,Constantina,Sevilla,Manuel Vazquez,
3064443,Turdus philomelos,2,0,,,,,19,1,1994,,,,,,Torrecuadros,Hinojos,Huelva,J Ayala,Cazado con escopeta
2372782,Parus major,4,2,,,,,12,1,1992,,,,,,Cantera del Duende,El Rubio,Sevilla,Manuel Vazquez,Muerto en red
2550948,Parus major,3,0,,,,,7,9,1994,,,,,,Manecorro,Almonte,Huelva,JL Arroyo,
230550,Parus cristatus,4,2,2,55,,,17,5,1989,19,20,,,,Valcaliente,Constantina,Sevilla,Manuel Vazquez,
309246,Parus cristatus,3,0,1,,,,12,8,1989,9,10,,,,Valcaliente,Constantina,Sevilla,Manuel Vazquez,
401026,Parus cristatus,4,0,1,,,,27,7,1990,8,9,,,,Valcaliente,Constantina,Sevilla,Manuel Vazquez,
230527,Parus caeruleus,4,2,0,59.5,,,20,5,1989,18,19,,,,Valcaliente,Constantina,Sevilla,Manuel Vazquez,
230535,Parus caeruleus,3,0,1,63,9.5,,5,12,1988,10,11,,,,Valcaliente,Constantina,Sevilla,Manuel Vazquez,
230544,Parus caeruleus,5,0,0,,,,27,7,1989,7,8,,,,Valcaliente,Constantina,Sevilla,Manuel Vazquez,
230554,Parus caeruleus,5,1,1,,,,27,7,1989,9,10,,,,Valcaliente,Constantina,Sevilla,Manuel Vazquez,
230557,Parus caeruleus,5,0,2,,,,20,4,1989,10,11,,,,Valcaliente,Constantina,Sevilla,Manuel Vazquez,
268305,Parus caeruleus,4,2,1,,,,27,7,1989,11,12,,,,Valcaliente,Constantina,Sevilla,Manuel Vazquez,
268331,Parus caeruleus,6,2,4,,,,20,4,1990,18,19,,,,Valcaliente,Constantina,Sevilla,Manuel Vazquez,
268340,Parus caeruleus,6,0,0,,,,29,8,1990,8,9,,,,Valcaliente,Constantina,Sevilla,Manuel Vazquez,
268342,Parus caeruleus,4,1,1,,,,27,7,1989,9,10,,,,Valcaliente,Constantina,Sevilla,Manuel Vazquez,
268351,Parus caeruleus,6,2,0,,,,27,7,1990,10,11,,,,Valcaliente,Constantina,Sevilla,Manuel Vazquez,
268366,Parus caeruleus,4,1,1,,,,27,7,1989,9,10,,,,Valcaliente,Constantina,Sevilla,Manuel Vazquez,
268380,Parus caeruleus,5,0,1,,,,2,7,1990,13,14,,,,Valcaliente,Constantina,Sevilla,Manuel Vazquez,
271380,Parus caeruleus,4,1,1,,,,27,7,1989,10,11,,,,Valcaliente,Constantina,Sevilla,Manuel Vazquez,
271384,Parus caeruleus,4,2,3,,,,20,4,1989,,,,,,Valcaliente,Constantina,Sevilla,Manuel Vazquez,
272335,Parus caeruleus,5,1,1,60,,,22,8,1989,11,12,,,,Valcaliente,Constantina,Sevilla,Manuel Vazquez,
309268,Parus caeruleus,5,0,0,,,,29,8,1990,9,10,,,,Valcaliente,Constantina,Sevilla,Manuel Vazquez,
309757,Parus caeruleus,4,0,0,,,,29,8,1990,8,9,,,,Valcaliente,Constantina,Sevilla,Manuel Vazquez,
309795,Parus caeruleus,3,0,0,,,,29,8,1990,8,9,,,,Valcaliente,Constantina,Sevilla,Manuel Vazquez,
401001,Parus caeruleus,3,0,1,59,9,,24,7,1990,11,12,,,,Valcaliente,Constantina,Sevilla,Manuel Vazquez,
401006,Parus caeruleus,3,0,2,61.5,9,,27,7,1990,10,11,,,,Valcaliente,Constantina,Sevilla,Manuel Vazquez,
401019,Parus caeruleus,4,0,1,,,,27,7,1990,10,11,,,,Valcaliente,Constantina,Sevilla,Manuel Vazquez,
401040,Parus caeruleus,3,0,1,,,,27,7,1990,12,13,,,,Valcaliente,Constantina,Sevilla,Manuel Vazquez,
3090212,Miliaria calandra,3,0,,,,,25,8,1994,,,,,,El Rincon,Almonte,Huelva,JL Arroyo,Atropellado
2035353,Parus major,3,0,2,,,,24,10,1987,17,18,,,,Casa Neves,Aznalcazar,Sevilla,Manuel Vazquez,
2168088,Parus major,5,0,2,,,,19,3,1988,17,18,,,,Casa Neves,Aznalcazar,Sevilla,Manuel Vazquez,
2168828,Parus major,4,2,0,,,,24,3,1989,17,18,,,,La Estrella,Palomares del Rio,Sevilla,Manuel Vazquez,
2285903,Parus major,4,2,,,,,31,3,1991,10,11,,,,Cantera del Duende,El Rubio,Sevilla,Manuel Vazquez,
2286616,Parus major,2,2,3,,,,23,12,1990,13,14,,,,Cantera del Duende,El Rubio,Sevilla,Manuel Vazquez,
2286648,Parus major,4,1,1,,17,,31,3,1991,11,12,,,,Cantera del Duende,El Rubio,Sevilla,Manuel Vazquez,
309250,Aegithalos caudatus,3,0,1,,,,29,8,1989,8,9,,,,Valcaliente,Constantina,Sevilla,Manuel Vazquez,
309289,Aegithalos caudatus,3,0,0,,,,29,8,1989,9,10,,,,Valcaliente,Constantina,Sevilla,Manuel Vazquez,
271027,Remiz pendulinus,2,1,3,,,,29,12,1988,18,19,,,,Lucio Poco Abrigo,Puebla del Rio,Sevilla,Manuel Vazquez,
2223806,Sitta europaea,3,0,1,,,,26,7,1989,13,14,,,,Valcaliente,Constantina,Sevilla,Manuel Vazquez,
2223807,Sitta europaea,4,1,1,83.5,,,27,8,1989,12,13,,,,Valcaliente,Constantina,Sevilla,Manuel Vazquez,
2223810,Sitta europaea,4,0,0,,,,26,7,1989,13,14,,,,Valcaliente,Constantina,Sevilla,Manuel Vazquez,
2284504,Sitta europaea,3,0,0,88.5,,,3,8,1989,12,13,,,,Valcaliente,Constantina,Sevilla,Manuel Vazquez,
2284511,Sitta europaea,3,0,1,,,,12,8,1989,13,14,,,,Valcaliente,Constantina,Sevilla,Manuel Vazquez,
2284512,Sitta europaea,3,0,0,,,,12,8,1989,12,13,,,,Valcaliente,Constantina,Sevilla,Manuel Vazquez,
2284726,Sitta europaea,3,0,0,,,,27,7,1990,10,11,,,,Valcaliente,Constantina,Sevilla,Manuel Vazquez,
2284739,Sitta europaea,2,0,0,,,,27,7,1990,11,12,,,,Valcaliente,Constantina,Sevilla,Manuel Vazquez,
230525,Certhia brachydactyla,4,0,0,,,,9,5,1989,9,10,,,,Valcaliente,Constantina,Sevilla,Manuel Vazquez,
230541,Certhia brachydactyla,4,1,0,,,,27,7,1989,9,10,,,,Valcaliente,Constantina,Sevilla,Manuel Vazquez,
268336,Certhia brachydactyla,4,0,1,,,,9,5,1990,11,12,,,,Valcaliente,Constantina,Sevilla,Manuel Vazquez,
271386,Certhia brachydactyla,4,0,1,,,,29,8,1989,10,11,,,,Valcaliente,Constantina,Sevilla,Manuel Vazquez,
271390,Certhia brachydactyla,4,1,1,,,,27,7,1990,11,12,,,,Valcaliente,Constantina,Sevilla,Manuel Vazquez,
308919,Certhia brachydactyla,4,0,1,,,,21,4,1990,15,16,,,,Valcaliente,Constantina,Sevilla,Manuel Vazquez,
308924,Certhia brachydactyla,4,2,1,,,,9,5,1990,11,12,,,,Valcaliente,Constantina,Sevilla,Manuel Vazquez,
309291,Certhia brachydactyla,5,0,0,,,,27,7,1990,10,11,,,,Valcaliente,Constantina,Sevilla,Manuel Vazquez,
2219721,Passer domesticus,4,1,,,,,2,4,1997,,,,,,La Escribana,Coria del Rio,Sevilla,Manuel Vazquez,Encontrado muerto
2255837,Passer domesticus,4,1,2,,,,24,3,1990,19,20,,,,Huerta El Torno,Dos Hermanas ,Sevilla,Manuel Vazquez,
2169150,Passer montanus,4,0,2,,,,13,2,1988,18,19,,,,Caño Real,Palomares del Rio,Sevilla,Manuel Vazquez,
2169151,Passer montanus,4,0,2,,,,13,2,1988,18,19,,,,Caño Real,Palomares del Rio,Sevilla,Manuel Vazquez,
2223860,Petronia petronia,4,2,0,,,,9,5,1990,11,12,,,,Valcaliente,Constantina,Sevilla,Manuel Vazquez,
2284567,Petronia petronia,4,0,0,,,,29,9,1990,8,9,,,,Valcaliente,Constantina,Sevilla,Manuel Vazquez,
2223841,Fringilla coelebs,4,1,,,,,3,7,1990,,,,,,Valcaliente,Constantina,Sevilla,Manuel Vazquez,Encontrado muerto
2220943,Fringilla coelebs,4,1,0,,,,27,8,1989,11,14,,,,Valcaliente,Constantina,Sevilla,Manuel Vazquez,
2220943,Fringilla coelebs,4,1,1,86.5,,,2,7,1990,11,12,,,,Valcaliente,Constantina,Sevilla,Manuel Vazquez,
2220946,Fringilla coelebs,4,1,0,,,,21,3,1989,10,11,,,,Valcaliente,Constantina,Sevilla,Manuel Vazquez,
268289,Serinus serinus,5,1,1,,,,9,5,1990,13,14,,,,Valcaliente,Constantina,Sevilla,Manuel Vazquez,
309055,Serinus serinus,5,1,0,,,,29,8,1990,8,9,,,,Valcaliente,Constantina,Sevilla,Manuel Vazquez,
309060,Serinus serinus,6,1,1,,,,8,5,1990,19,20,,,,Valcaliente,Constantina,Sevilla,Manuel Vazquez,
309240,Serinus serinus,6,2,1,71,,,4,7,1990,11,12,,,,Valcaliente,Constantina,Sevilla,Manuel Vazquez,
403744,Serinus serinus,4,1,1,,,,26,1,1991,14,15,,,,Cantera del Duende,El Rubio,Sevilla,Manuel Vazquez,
2286084,Carduelis chloris,3,1,0,,,,28,10,1990,12,13,,,,Puñana,Almensilla,Sevilla,Manuel Vazquez,
2168952,Carduelis chloris,3,2,,,,,27,11,1987,,,,,,Rio Viejo,Coria del Rio,Sevilla,Particular,Cazado
2550956,Carduelis chloris,4,1,,,,,22,9,1994,,,,,,Manecorro,Almonte,Huelva,JL Arroyo,
L174290,Carduelis cannabina,1,0,,,,,13,8,1998,,,,,,El Alcornocal,Los Palacios,Sevilla,Manuel Vazquez,Encontrado solo anilla
403736,Carduelis carduelis,2,2,1,,,,31,3,1991,10,11,,,,Cantera del Duende,El Rubio,Sevilla,Manuel Vazquez,
403917,Carduelis carduelis,4,1,,,,,29,7,1992,,,,,,Valcaliente,Constantina,Sevilla,Sergio Gonzalez,Encontrado muerto
401170,Emberiza schoeniclus,4,0,,,,,27,12,1991,,,,,,Cerrado Chico,Puebla del Rio,Sevilla,Manuel Sosa,
271100,Emberiza schoeniclus,5,1,,,,,25,1,1989,19,20,,,,Lucio Poco Abrigo,Puebla del Rio,Sevilla,Manuel Vazquez,
2550942,Luscinia megarhynchos,4,0,,,,,24,5,1996,,,,,,Cañada de Los Pajaros,Puebla del Rio,Sevilla,Manuel Vazquez,