MODO,METAL,ESPECIE,DIA ,MES ,AÑO,LOCALIDAD,PAIS,EDAD,SEXO,ANILLADOR,Grasa,Ala,peso,tarso,pico,cola,Hora,Dias,Kms,Observaciones
A,254842,Anser anser,21,6,1978,"Bosau, Schleswig, Holstein",Alemania,7,0,Extranjero,,,,,,,,,,Anillamiento
C,254842,Anser anser,19,10,1997,"Palacio del Rey, Hinojos, Huelva",España,A,0,Particular,,,,,,,,7060,2268,Encontrado muerto
A,220615,Anser anser,12,6,1985,"Guelper, NE Postdam",Alemania,3,2,Extranjero,,,,,,,,,,Anillamiento
C,220615,Anser anser,15,11,1990,"Isla Mayor, Sevilla",España,A,0,Particular,,,,,,,,1982,2246,Cazado con escopeta
A,9396,Anser anser,24,6,1988,"Utterslev Mose, Seeland, Mon Saltholm",Dinamarca,2,0,Extranjero,,,,,,,,,,Anillamiento
C,9396,Anser anser,15,12,1988,"Isla Mayor, Sevilla",España,2,0,M. Vazquez,,,,,,,,161,2495,Cazado con escopeta
A,9331,Anser anser,13,6,1989,"Utterslev Mose, Kobenhavn, Sjaelland",Dinamarca,1,1,Extranjero,,,,,,,,,,Anillamiento
C,9331,Anser anser,15,11,1990,"Cantaritas, Puebla del Rio, Sevilla",España,5,0,Particular,,,,,,,,520,2481,Cazado con escopeta
A,3900545,Anser anser,11,6,1993,"Utterslev Mose, Sjaelland",Dinamarca,1,1,Extranjero,,,,,,,,,,Anillamiento
C,3900545,Anser anser,15,11,2001,"Isla Mayor, Sevilla",España,A,0,EBD,,,,,,,,3079,2496,Cazado con escopeta
A,3900909,Anser anser,31,8,1991,"Riso, Roskilde, Sjaelland",Dinamarca,1,0,Extranjero,,,,,,,,,,Anillamiento
C,3900909,Anser anser,14,11,1992,"Puebla del Rio, Sevilla",España,5,0,Particular,,,,,,,,441,2458,Cazado con escopeta
A,3901325,Anser anser,5,5,1996,"Utterslev Mose, Sjaelland",Dinamarca,5,2,Extranjero,,,,,,,,,,Anillamiento
C,3901325,Anser anser,15,11,2001,"Isla Mayor, Sevilla",España,A,0,M. Vazquez,,,,,,,,2020,2496,Cazado con escopeta
A,9001709,Anser anser,24,1,2001,"Cañada de los Pajaros, Puebla del Rio, Sevilla",España,5,2,CDP,,,,,,,,,,Anillamiento
C,9001709,Anser anser,5,9,1991,"Soholt, Maribo, Falster Lolland",Dinamarca,5,0,Extranjero,,,,,,,,221,2358,Cazado con escopeta
A,9004767,Anser anser,22,9,1991,"Cañada de los Pajaros, Puebla del Rio, Sevilla",España,4,2,CDP,,,,,,,,,,Anillamiento
C,9004767,Anser anser,19,11,1992,"Kampereiland, Kampem, Overijssel",Dinamarca,6,0,Extranjero,,,,,,,,424,1941,Cazado con escopeta
A,9025037,Anser anser,13,7,2003,"Cañada de los Pajaros, Puebla del Rio, Sevilla",España,4,2,CDP,,,,,,,,,,Anillamiento
C,9025037,Anser anser,2,8,2004,"Hickling Broad, Norfolk",Gran Bretaña,6,2,BTO,,,,,,,,562,1838,Anilla leida telescopio
A,BA19341,Anser anser,3,7,1994,"Slibraken, Vega, Nordland",Noruega,4,2,Extranjero,,,,,,,,,,Anillamiento
C,BA19341,Anser anser,21,10,2005,"Cañada de los Pajaros, Puebla del Rio, Sevilla",España,A,2,M. Vazquez,,,,,,,,4128,3375,Encontrado exhausta y liberado en buen estado
A,241629,Anser anser,17,7,1997,"Vallsjoen, Vega, Nordland",Noruega,1,1,Extranjero,,,,,,,,,,Anillamiento
C,241629,Anser anser,12,12,2000,"Sanlucar de Barrameda, Cadiz",España,9,0,M. Vazquez,,,,,,,,1244,3423,Cazado con escopeta
A,9226992,Anser anser,29,6,1986,"Sverigen, M Skame, Malmohus",Suecia,6,1,Extranjero,,,,,,,,,,Anillamiento
C,9226992,Anser anser,15,1,1988,"Puebla del Rio, Sevilla",España,A,0,M. Vazquez,,,,,,,,566,2498,Cazado con escopeta
A,9233013,Anser anser,4,6,1989,"Borringesjon, Malmohus",Suecia,4,2,Extranjero,,,,,,,,,,Anillamiento
C,9233013,Anser anser,3,2,2000,"Puebla del Rio, Sevilla",España,A,0,M. Vazquez,,,,,,,,3896,2494,Cazado con escopeta fecha carta
A,WA06240,Anser anser,2,6,1994,"Rez ST Milickie, Kompl. Stawno., Wroclaw",Polonia,4,1,Extranjero,,,,,,,,,,Anillamiento
C,WA06240,Anser anser,1,1,1995,"Puebla del Rio, Sevilla",España,6,0,M. Vazquez,,,,,,,,213,2487,Cazado con escopeta
A,208519,Anser anser,9,5,1974,"Guelper, See Neubranderburg",Alemania,2,0,Extranjero,,,,,,,,,,Anillamiento
C,208519,Anser anser,15,12,1987,"Puebla del Rio, Sevilla",España,A,0,M. Vazquez,,,,,,,,2606,2231,Cazado con escopeta fecha carta
A,208740,Anser anser,3,9,1975,"Trent, Rostock",Alemania,3,2,Extranjero,,,,,,,,,,Anillamiento
C,208740,Anser anser,15,12,1989,"Puebla del Rio, Sevilla",España,A,0,M. Vazquez,,,,,,,,5212,2439,Cazado con escopeta fecha carta
A,212403,Anser anser,9,5,1977,"Guelper, SE Postdam",Alemania,1,0,Extranjero,,,,,,,,,,Anillamiento
C,212403,Anser anser,15,12,1989,"Puebla del Rio, Sevilla",España,A,0,M. Vazquez,,,,,,,,4596,2362,Cazado con escopeta fecha carta
A,215737,Anser anser,27,6,1981,"Guelper, Rathenow Postdam",Alemania,3,2,Extranjero,,,,,,,,,,Anillamiento
C,215737,Anser anser,15,12,1987,"Cantaritas, Puebla del Rio, Sevilla",España,A,0,M. Vazquez,,,,,,,,2358,2237,Cazado con escopeta
A,220744,Anser anser,28,8,1985,"Guelper, Rathenow Postdam",Alemania,6,2,Extranjero,,,,,,,,,,Anillamiento
C,220744,Anser anser,15,11,1988,"Puebla del Rio, Sevilla",España,A,0,M. Vazquez,,,,,,,,1176,2231,Cazado con escopeta
A,254997,Anser anser,21,6,1978,"Bosau, Schleswig, Holstein",Alemania,1,0,Extranjero,,,,,,,,,,Anillamiento
C,254997,Anser anser,10,11,1988,"Puebla del Rio, Sevilla",España,A,0,M. Vazquez,,,,,,,,3789,2259,Cazado con escopeta
A,292494,Anser anser,11,6,1960,"Utterslev Mose, Cophenage Seeland, Mon Saltholm",Dinamarca,1,0,Extranjero,,,,,,,,,,Anillamiento
C,292494,Anser anser,15,12,1989,"Puebla del Rio, Sevilla",España,A,0,M. Vazquez,,,,,,,,10769,2510,Cazado con escopeta fecha carta
A,1801,Anser anser,23,6,1964,"Utterslev Mose, Cophenage Seeland, Mon Saltholm",Dinamarca,1,2,Extranjero,,,,,,,,,,Anillamiento
C,1801,Anser anser,15,12,1989,"Puebla del Rio, Sevilla",España,A,0,M. Vazquez,,,,,,,,9297,2510,Cazado con escopeta fecha carta
A,2412,Anser anser,18,6,1971,"Kags Mose, Cophenage Seeland, Mon Saltholm",Dinamarca,1,1,Extranjero,,,,,,,,,,Anillamiento
C,2412,Anser anser,15,12,1989,"Puebla del Rio, Sevilla",España,A,0,M. Vazquez,,,,,,,,6747,2508,Cazado con escopeta fecha carta
A,2485,Anser anser,19,6,1972,"Utterslev Mose, Maribo, Falster Lolland",Dinamarca,2,2,Extranjero,,,,,,,,,,Anillamiento
C,2485,Anser anser,15,12,1989,"Puebla del Rio, Sevilla",España,A,0,M. Vazquez,,,,,,,,6381,2403,Cazado con escopeta fecha carta
A,4392,Anser anser,14,6,1978,"Utterslev Mose, Maribo, Falster Lolland",Dinamarca,2,2,Extranjero,,,,,,,,,,Anillamiento
C,4392,Anser anser,15,12,1989,"Puebla del Rio, Sevilla",España,A,0,M. Vazquez,,,,,,,,4196,2389,Cazado con escopeta fecha carta
A,4411,Anser anser,14,6,1978,"Utterslev Mose,  Seeland",Dinamarca,3,1,Extranjero,,,,,,,,,,Anillamiento
C,4411,Anser anser,15,12,1981,"Puebla del Rio, Sevilla",España,A,0,M. Vazquez,,,,,,,,,,Cazado con escopeta fecha carta
A,7083,Anser anser,17,6,1981,"Utterslev Mose, Cophenage Seeland, Mon Saltholm",Dinamarca,1,1,Extranjero,,,,,,,,,,Anillamiento
C,7083,Anser anser,15,12,1989,"Puebla del Rio, Sevilla",España,A,0,M. Vazquez,,,,,,,,2510,3098,Cazado con escopeta fecha carta
A,7360,Anser anser,22,6,1984,"Utterslev Mose,  Seeland, Mon Saltholm",Dinamarca,6,2,Extranjero,,,,,,,,,,Anillamiento
C,7360,Anser anser,17,12,1989,"Cantaritas, Puebla del Rio, Sevilla",España,A,0,M. Vazquez,,,,,,,,2000,2484,Cazado con escopeta
A,7395,Anser anser,18,6,1985,"Utterslev Mose,  Seeland, Mon Saltholm",Dinamarca,1,1,Extranjero,,,,,,,,,,Anillamiento
C,7395,Anser anser,15,1,1988,"Almonte, Huelva",España,9,0,M. Vazquez,,,,,,,,942,2499,Cazado con escopeta
A,7409,Anser anser,18,6,1985,"Utterslev Mose,  Seeland, Mon Saltholm",Dinamarca,1,2,Extranjero,,,,,,,,,,Anillamiento
C,7409,Anser anser,15,1,1987,"Marisma de Hinojos, Hinojos, Huelva",España,7,0,M. Vazquez,,,,,,,,577,2490,Cazado con escopeta
A,7431,Anser anser,18,6,1985,"Utterslev Mose,  Seeland, Mon Saltholm",Dinamarca,6,1,Extranjero,,,,,,,,,,Anillamiento
C,7431,Anser anser,15,1,1988,"Almonte, Huelva",España,A,0,M. Vazquez,,,,,,,,942,2499,Cazado con escopeta
A,7490,Anser anser,19,6,1985,"Utterslev Mose,  Seeland, Mon Saltholm",Dinamarca,3,1,Extranjero,,,,,,,,,,Anillamiento
C,7490,Anser anser,12,11,1989,"Cantaritas, Puebla del Rio, Sevilla",España,A,0,M. Vazquez,,,,,,,,1603,2484,Cazado con escopeta
A,7614,Anser anser,16,6,1983,"Utterslev Mose, Cophenage Seeland, Mon Saltholm",Dinamarca,1,1,Extranjero,,,,,,,,,,Anillamiento
C,7614,Anser anser,15,12,1989,"Puebla del Rio, Sevilla",España,A,0,M. Vazquez,,,,,,,,2369,2510,Cazado con escopeta fecha carta
A,9396,Anser anser,24,6,1988,"Utterslev Mose,  Seeland, Mon Saltholm",Dinamarca,2,0,Extranjero,,,,,,,,,,Anillamiento
C,9396,Anser anser,15,12,1988,"Isla Mayor, Sevilla",España,2,0,M. Vazquez,,,,,,,,200,2510,Cazado con escopeta
A,9608,Anser anser,13,6,1989,"Utterslev Mose,  Seeland, Mon Saltholm",Dinamarca,1,1,Extranjero,,,,,,,,,,Anillamiento
C,9608,Anser anser,15,12,1989,"Los Morenos, Puebla del Rio, Sevilla",España,3,1,M. Vazquez,,,,,,,,182,2479,Cazado con escopeta
A,BA01439,Anser anser,14,6,1981,"Rez Slonsk , Gorzow Wielkopolski",Polonia,2,0,Extranjero,,,,,,,,,,Anillamiento
C,BA01439,Anser anser,8,12,1989,"Cantaritas, Puebla del Rio, Sevilla",España,A,0,M. Vazquez,,,,,,,,3094,2352,Cazado con escopeta
A,BA01699,Anser anser,20,6,1982,"Rez Slonsk , Gorzow Wielkopolski",Polonia,1,0,Extranjero,,,,,,,,,,Anillamiento
C,BA01699,Anser anser,15,12,1989,"Puebla del Rio, Sevilla",España,A,0,M. Vazquez,,,,,,,,2730,2365,Cazado con escopeta fecha carta
A,BA01014,Anser anser,15,6,1979,"Rez Slonsk , Gorzow Wielkopolski",Polonia,5,1,Extranjero,,,,,,,,,,Anillamiento
C,BA01014,Anser anser,6,2,1980,"Aznalcazar, Sevilla",España,7,0,M. Vazquez,,,,,,,,,2365,Cazado con escopeta
A,9226992,Anser anser,29,6,1986,"Sverigen, M Skame, Malmohus",Suecia,6,1,Extranjero,,,,,,,,,,Anillamiento
C,9226992,Anser anser,15,1,1988,"Puebla del Rio, Sevilla",España,A,0,M. Vazquez,,,,,,,,566,2498,Cazado con escopeta
A,9232310,Anser anser,12,6,1988,"Borringesjon, Malmohus",Suecia,3,1,Extranjero,,,,,,,,,,Anillamiento
C,9232310,Anser anser,15,11,1988,"Cantaritas, Puebla del Rio, Sevilla",España,3,0,M. Vazquez,,,,,,,,153,2501,Cazado con escopeta
A,9232322,Anser anser,12,6,1988,"Borringesjon, Malmohus",Suecia,3,2,Extranjero,,,,,,,,,,Anillamiento
C,9232322,Anser anser,15,11,1988,"Cantaritas, Puebla del Rio, Sevilla",España,3,0,M. Vazquez,,,,,,,,153,2501,Cazado con escopeta
A,9233072,Anser anser,18,6,1989,"Sverigen, M Skame, Malmohus",Suecia,3,0,Extranjero,,,,,,,,,,Anillamiento
C,9233072,Anser anser,17,12,1989,"Sanlucar de Barrameda, Cadiz",España,3,0,M. Vazquez,,,,,,,,,,Cazado con escopeta
A,9803229,Anser anser,19,6,1970,"Sverigen, Gotland Rone, Ytterholme",Suecia,3,0,Extranjero,,,,,,,,,,Anillamiento
C,9803229,Anser anser,15,1,1981,"Aznalcazar, Sevilla",España,A,0,M. Vazquez,,,,,,,,,,Cazado con escopeta
A,9804702,Anser anser,17,7,1983,"Sverigen, D´Soder, Mohlland",Suecia,2,0,Extranjero,,,,,,,,,,Anillamiento
C,9804702,Anser anser,15,1,1987,"Marisma de Hinojos, Hinojos, Huelva",España,A,0,M. Vazquez,,,,,,,,,,Cazado con escopeta
A,XEA,Anser anser,4,6,1989,"Borringesjon, Malmohus",Suecia,1,0,Extranjero,,,,,,,,,,Anillamiento
C,XEA,Anser anser,15,12,1989,"Sanlucar de Barrameda, Cadiz",España,3,0,M. Vazquez,,,,,,,,,,Cazado con escopeta
A,CA38659,Ardea cinerea,6,5,1978,"Lac de Grand Lieu, Loire Atlantique",España,3,0,MMP et L Marion,,,,,,,,,,Anillamiento
C,CA38659,Ardea cinerea,1,2,1981,"Lucio del cangrejo, Aznalcazar, Sevilla",Francia,A,0,M. Vazquez,,,,,,,,,,Cazado con escopeta
A,B26502,Ardea cinerea,14,5,1988,"Branna, Jjndrichov Hradec, Ceske Budejovice",Checoslovaquia,1,0,M. Vazquez,,,,,,,,,,Anillamiento
C,B26502,Ardea cinerea,15,9,1988,"Lebrija, Sevilla",España,3,0,Extranjero,,,,,,,,121,2157,Colision con tendido electrico
A,231722,Ardea cinerea,22,5,1988,"Koerkwitz, Ribnitz, Damgarten Rostock",Alemania,1,0,M. Vazquez,,,,,,,,,,Anillamiento
C,231722,Ardea cinerea,30,9,1988,"Caño del Cherri, Aznalcar, Sevilla",España,3,0,Extranjero,,,,,,,,,,Anillamiento
A,M10463,Bubulcus ibis,25,5,1993,"Castro Marin, Algarve",Portugal,1,0,Extranjero,,,,,,,,,,Anillamiento
C,M10463,Bubulcus ibis,30,8,1993,"Coria del Rio, Sevilla",España,3,0,M. Vazquez,,,,,,,,95,122,Cazado con escopeta
A,2220036,Charadrius hiaticula,26,9,1988,"Lucio Poco abrigo, Puebla del Rio, Sevilla",España,3,0,M. Vazquez,,,,,,,,,,Anillamiento
C,2220036,Charadrius hiaticula,27,7,1993,"Hable D´ Ault, Somme",Francia,A,0,Extranjero,,,,,,,,1765,1554,Encontrado muerto
A,M5758,Ciconia ciconia,2,6,2004,"Muizen, Antwerpen, Amberes",Belgica,1,0,Extranjero,,,,,,,,,,Anillamiento
C,M5758,Ciconia ciconia,15,8,2006,"Puerto Real, cadiz",España,7,0,M. Vazquez,,,,,,,,804,1820,Colision con tendido electrico
A,9015741,Ciconia ciconia,20,9,1994,"Cañada de los Pajaros, Puebla del Rio, Sevilla",España,3,0,M. Vazquez,,,,,,,,,,Anillamiento
C,9015741,Ciconia ciconia,20,5,2004,"Wahlwies,Sudbaden, Friburgo",Alemania,A,0,Vogelwarte Radolfzell,,,,,,,,3530,1714,Anilla leida telescopio
A,P9486,Ciconia ciconia,8,6,2004,"La Gripperie-Saint-Symphorien, Charente Maritime",Francia,1,0,Extranjero,,,,,,,,,,Anillamiento
C,P9486,Ciconia ciconia,15,1,2006,"Chiclana de la Frontera, Cadiz",España,7,0,M. Vazquez,,,,,,,,586,1136,Colision con tendido electrico
A,7300,Ciconia ciconia,16,6,2005,"Ommen, Varsen, Overijssel",Holanda,1,0,Extranjero,,,,,,,,,,Anillamiento
C,7300,Ciconia ciconia,15,1,2006,"Chiclana de la Frontera, Cadiz",España,3,0,M. Vazquez,,,,,,,,213,2047,Colision con tendido electrico
A,B694,Ciconia nigra,16,6,1997,"Ettelbruck, Luxemburgo",Belgica,1,0,Extranjero,,,,,,,,,,Anillamiento
C,B694,Ciconia nigra,20,9,1997,"Marchena, Sevilla",España,3,0,M. Vazquez,,,,,,,,101,1666,Colision con tendido electrico
A,4030553,Larus ridibundus,21,9,1990,"Puebla del Rio, Sevilla",España,4,0,M. Vazquez,,,,,,,,,,Anillamiento
C,4030553,Larus ridibundus,10,5,1994,"Craintilleux, Sury le Comtal, Loire",Francia,6,0,Extranjero,,,,,,,,1327,1252,Anilla leida telescopio
A,A01280,Miniopterus schreibersii,5,12,1987,"Loule, Algarve",Portugal,2,1,Extranjero,,,,,,,,,,Anillamiento
C,A01280,Miniopterus schreibersii,30,5,1994,"Brazo del Este, Los Palacios, Sevilla",España,2,0,M. Vazquez,,,,,,,,2366,220,Anilla en egagropila
A,WA02567,Phalacrocorax carbo,7,12,1989,"Rez Slonsk , Gorzow Wielkopolski",Polonia,2,0,Extranjero,,,,,,,,,,Anillamiento
C,WA02567,Phalacrocorax carbo,15,12,1994,"Puebla del Rio, Sevilla",España,2,0,M. Vazquez,,,,,,,,1648,2365,Cazado con escopeta
A,AZHP,Phoenicopterus ruber,9,8,1989,"Etang du Fangasier, Camargue",Francia,1,0,Extranjero,,,,,,,,,,Anillamiento
C,AZHP,Phoenicopterus ruber,5,10,1989,"Lucio Poco abrigo, Puebla del Rio, Sevilla",España,3,0,M. Vazquez,,,,,,,,,,Solo huesos y PVC
A,AHT,Phoenicopterus ruber,20,7,1977,"Etang du Fangasier, Camargue",Francia,1,0,Tour de Valat,,,,,,,,,,Anillamiento
C,AHT,Phoenicopterus ruber,15,12,1989,"Puebla del Rio, Sevilla",España,A,0,M. Vazquez,,,,,,,,,,Cazado con escopeta fecha carta
A,G20922,Platalea leucorodia,19,4,2000,"Bahia de Cadiz, Cadiz",España,1,0,EBD,,,,,,,,,,Anillamiento
C,G20922,Platalea leucorodia,13,1,2001,Kaedi,Mauritania,3,0,Particular,,,,,,,,269,2366,Capturada en red de pesca y liberada
A,8028567,Platalea leucorodia,24,5,1974,"Naar Dermeer, Noor Holland",Holanda,1,0,Extranjero,,,,,,,,,,Anillamiento
C,8028567,Platalea leucorodia,21,2,1976,"Puebla del Rio, Sevilla",España,7,0,Particular,,,,,,,,417,,Muerta por botulismo
A,F11033,Sula basana,10,6,1989,"Les Etacs, Aderney, Islasa del canal",Gran Bretaña,1,0,Extranjero,,,,,,,,,,Anillamiento
C,F11033,Sula basana,26,8,1989,"La Redondela, Lepe, Huelva",España,3,0,M. Vazquez,,,,,,,,77,1439,Encontrado en la playa y liberado
A,BJ80830,Anas platyrhynchos,25,7,1987,"Hollebley, Suffolr",Gran Bretaña,6,1,Extranjero,,,,,,,,,,Anillamiento
C,BJ80830,Anas platyrhynchos,22,10,1989,"Puebla del Rio, Sevilla",España,10,1,M. Vazquez,,,,,,,,817,1786,Cazado con escopeta
A,6004206,Anas strepera,14,7,1985,"Lucio Redondo PND, Aznalcazar, Sevilla",España,1,2,P. Rodriguez,,,,,,,,,,Anillamiento
C,6004206,Anas strepera,17,10,1986,"Baie Des Veys, Manche",Francia,5,0,Extranjero,,,,,,,,458,1429,Cazado con escopeta
A,E642,Anas strepera,24,6,1980,"Kolmenasva, Matsalu State Nature Reserva",Estonia,4,2,Extranjero,,,,,,,,,,Anillamiento
C,E642,Anas strepera,7,1,1981,"Sanlucar de Barrameda, Cadiz",España,6,2,Particular,,,,,,,,,,Encontrado muerto
A,6022917,Anas strepera,21,2,1991,"Cañada de los Pajaros, Puebla del Rio, Sevilla",España,3,2,P. Rodriguez,,,,,,,,,,Anillamiento
C,6022917,Anas strepera,28,2,1991,"Vic La Gardiole, Herault",Francia,3,2,Extranjero,,,,,,,,7,1084,Cazado con escopeta
A,FT82578,Anas crecca,17,10,1985,"Marquenterre, Somme",Francia,3,0,Extranjero,,,,,,,,,,Anillamiento
C,FT82578,Anas crecca,15,8,1986,"Lucio del Cangrejo, Aznalcazar, Sevilla",España,5,0,P. Rodriguez,,,,,,,,303,1581,Encontrado muerto
A,7006944,Anas acuta,2,12,1987,"La Fao, Aznalczar, Sevilla",España,4,1,P. Rodriguez,,,,,,,,,,Anillamiento
C,7006944,Anas acuta,4,1,1993,"Salenelles , Seine-Maritime",Francia,A,0,Extranjero,,,,,,,,,,Cazado con escopeta
A,7006946,Anas acuta,2,12,1987,"Aznalcazar, Sevilla",España,3,1,P. Rodriguez,,,,,,,,,,Anillamiento
C,7006946,Anas acuta,18,1,1989,"Etang de L´Or, Herault",Francia,7,0,Extranjero,,,,,,,,416,1136,Cazado con escopeta
A,5006669,Anas crecca,28,10,1986,"RB Doñana, Almonte, Huelva",España,3,1,P. Rodriguez,,,,,,,,,,Anillamiento
C,5006669,Anas crecca,3,5,1988,"BTW Ektrask and Stenbbchen, Vasterbotten",Suecia,7,0,Extranjero,,,,,,,,,,Muerta por colision con vehiculo
A,4048785,Anas clypeata,22,6,1970,"Groot Schermer, Noor-Holland",Holanda,1,0,Extranjero,,,,,,,,,,Anillamiento
C,4048785,Anas clypeata,18,6,2001,"Antequera, Malaga",España,A,0,M. Vazquez,,,,,,,,11319,1879,Cazado con escopeta fecha carta
A,6015852,Anas clypeata,15,10,1986,"RB Doñana, Almonte, Huelva",España,3,1,LEO BIAGGI,,,,,,,,,,Anillamiento
C,6015852,Anas clypeata,20,10,1987,"Bykhov, Mogilev",Rusia,5,0,Extranjero,,,,,,,,370,3347,Cazado con escopeta
A,6015863,Anas clypeata,10,15,1986,"RB Doñana, Almonte, Huelva",España,2,0,LEO BIAGGI,,,,,,,,,,Anillamiento
C,6015863,Anas clypeata,25,9,1987,"Oostvaa Dersdijk, Ijsselmeer Polders",Holanda,2,0,Extranjero,,,,,,,,,,Encontrado muerto
A,6017905,Anas clypeata,7,10,1987,"Aznalcazar, Sevilla",España,3,2,LEO BIAGGI,,,,,,,,,,Anillamiento
C,6017905,Anas clypeata,4,10,1989,"Donges, Loire Atlantique",Francia,7,0,Extranjero,,,,,,,,727,1164,Cazado con escopeta
A,5007759,Maramronetta angustirostris,2,10,1990,"Cañada de los Pajaros, Puebla del Rio, Sevilla",España,4,2,LEO BIAGGI,,,,,,,,,,Anillamiento
C,5007759,Maramronetta angustirostris,6,9,1992,Chalamont Ain,Francia,8,0,Extranjero,,,,,,,,705,1343,Cazado con escopeta
A,7009002,Aythya ferina,11,7,1985,"Lucio del Buen Tiro PND, Aznalcazar, Sevilla",España,1,0,LEO BIAGGI,,,,,,,,,,Anillamiento
C,7009002,Aythya ferina,1,5,1986,"Vologda O Kubenskoye, Vologda",Rusia,5,0,Extranjero,,,,,,,,295,3627,Muerto trampa para otros animales
A,7009045,Aythya ferina,14,7,1985,"Lucio del Rinconcillo PND, Almonte, Huelva",España,1,0,LEO BIAGGI,,,,,,,,,,Anillamiento
C,7009045,Aythya ferina,26,9,1986,"Lonnerup, Fjord, Jylland",Dinamarca,5,0,Extranjero,,,,,,,,437,2482,Muerto trampa para otros animales
A,7009058,Aythya ferina,26,7,1985,"Las Nuevas PND, Aznalcazar, Sevilla",España,1,1,LEO BIAGGI,,,,,,,,,,Anillamiento
C,7009058,Aythya ferina,30,9,1989,"Arthun, Loire",Francia,A,0,Extranjero,,,,,,,,1524,1271,Encontrado muerto
A,7009062,Aythya ferina,26,7,1985,"PN Doñana, Almonte, Huelva",España,3,1,LEO BIAGGI,,,,,,,,,,Anillamiento
C,7009062,Aythya ferina,9,10,1988,"El Kelaa, Dessaraghna",Marruecos,A,0,Extranjero,,,,,,,,1168,535,Cazado con escopeta
A,CA23796,Tadorna tadorna,2,7,1980,"Aigues Mortes, Gard",Francia,1,2,Extranjero,,,,,,,,,,Anillamiento
C,CA23796,Tadorna tadorna,15,12,1980,"Salinas de Bonanza,Sanlucar de Barrameda, Cadiz",España,3,0,Cazador,,,,,,,,,,Cazado con escopeta
A,CA24140,Tadorna tadorna,12,7,1980,"Salin de Giraud, Bouches du Rhone",Francia,1,0,Extranjero,,,,,,,,,,Anillamiento
C,CA24140,Tadorna tadorna,1,3,1981,"Salinas de Bonanza,Sanlucar de Barrameda, Cadiz",España,5,2,Cazador,,,,,,,,,,Cazado con escopeta
A,3141108,Accipiter nisus,9,10,1981,"Schiermonnikoog, Schiermonnikoog",Holanda,3,2,Extranjero,,,,,,,,,,Anillamiento
C,3141108,Accipiter nisus,15,10,2000,"Marismas del Odiel, Huelva",España,A,0,Zamalla,,,,,,,,6946,2067,Encontrada solo anilla
A,EA022390,Milvus milvus,7,6,1990,"Aspaach, Gotha Erfurt",Alemania,1,0,Extranjero,,,,,,,,,,Anillamiento
C,EA022390,Milvus milvus,10,1,1992,"La lantejuela, Sevilla",España,7,0,Zamalla,,,,,,,,583,1968,Encontrado muerto
A,K38153,Milvus milvus,6,6,1998,"Thommen, Luik, Lieja",Belgica,1,0,Extranjero,,,,,,,,,,Anillamiento
C,K38153,Milvus milvus,15,2,2000,"Mochales, Osuna, Sevilla",España,7,0,Zamalla,,,,,,,,619,1695,Encontrado muerto
A,EA077777,Circus aeroginosus,29,6,1997,"Cumlosen, Oberhavel, Brademburgo",Alemania,1,0,Extranjero,,,,,,,,,,Anillamiento
C,EA077777,Circus aeroginosus,15,11,1997,"Posadas, Cordoba",España,3,0,Zamalla,,,,,,,,139,2127,Encontrado muerto
A,402100,Circus aeroginosus,22,6,1986,"Hillerod, Sjaelland",Dinamarca,1,0,Extranjero,,,,,,,,,,Anillamiento
C,402101,Circus aeroginosus,15,12,1992,"La lantejuela, Sevilla",España,A,0,Zamalla,,,,,,,,2368,2445,Encontrado muerto
A,DA124455,Circus aeroginosus,18,7,1999,"Lachaussee, Meuse",Francia,1,1,Extranjero,,,,,,,,,,Anillamiento
C,DA124455,Circus aeroginosus,5,1,2000,"El Cuervo, Lebrija, Sevilla",España,5,0,Zamalla,,,,,,,,171,1651,Colision con tendido electrico
A,8090079,Circus aeroginosus,28,6,1999,"Stjarnholm, Soderfjarden, Sodermanland",Suecia,1,2,Extranjero,,,,,,,,,,Anillamiento
C,8090079,Circus aeroginosus,17,1,2000,"La Coronela, Marchena, Sevilla",España,5,0,Zamalla,,,,,,,,203,2920,Encontrado muerto
A,5007103,Falco tinnunculus,5,11,1989,"La Tiesa, Villamanrique, Sevilla",España,4,2,M. Vazquez,,,,,,,,,,Anillamiento
C,5007103,Falco tinnunculus,5,9,1991,"Heessen, Arnsberg",Alemania,8,2,Extranjero,,,,,,,,670,1955,Ahogoda en deposito de agua
A,5010413,Falco tinnunculus,27,5,1993,"Osuna, Sevilla",España,1,0,Zamalla,,,,,,,,,,Anillamiento
C,5010413,Falco tinnunculus,14,2,1994,C. A. Safi,Marruecos,5,0,Extranjero,,,,,,,,263,669,Encontrado muerto
A,3525390,Falco tinnunculus,29,5,1996,"Vierhuizen, Groningen",Holanda,1,0,Extranjero,,,,,,,,,,Anillamiento
C,3525390,Falco tinnunculus,1,3,1998,"La lantejuela, Sevilla",España,7,0,Zamalla,,,,,,,,641,1988,Encontrado muerto
A,S147492,Falco tinnunculus,16,6,1994,"Lapua, Vaasa Vasa",Finlandia,1,0,Extranjero,,,,,,,,,,Anillamiento
C,S147492,Falco tinnunculus,15,1,1995,"Gerena, Sevilla",España,5,0,M. Vazquez,,,,,,,,213,3441,Encontrado muerto
A,S219957,Coturnix coturnix,10,7,1997,"Rio Marcellengo, Sommariva Bos, Cuneo",Italia,3,1,Extranjero,,,,,,,,,,Anillamiento
C,S219957,Coturnix coturnix,16,8,1997,"Ayerbe, Huesca",España,3,1,M. Vazquez,,,,,,,,37,739,Cazado con escopeta
A,S264664,Coturnix coturnix,23,8,1999,"Baroli, Baldissero D´Alba, Cuneo",Italia,3,1,Extranjero,,,,,,,,,,Anillamiento
C,S264664,Coturnix coturnix,5,12,2000,"Hinojos, Huelva",España,5,1,M. Vazquez,,,,,,,,470,1462,Cazado con escopeta
A,7006954,Fulica atra,9,8,1987,"Cañada de los Pajaros, Puebla del Rio, Sevilla",España,6,0,LEO BIAGGI,,,,,,,,,,Anillamiento
C,7006954,Fulica atra,30,12,1988,"Moulay, Bouselham",Marruecos,2,0,Particular,,,,,,,,506,254,Mantenida en cautividad
A,7044444,Fulica atra,22,10,2004,"Cañada de los Pajaros, Puebla del Rio, Sevilla",España,4,0,M. Vazquez,,,,,,,,,,Anillamiento
C,7044444,Fulica atra,8,1,2006,"Saintes Maries de la Mer, Bouches du Rhone",Francia,2,0,Particular,,,,,,,,443,1139,Cazado con escopeta
A,T0096060,Haemantopus ostralegus,25,8,1995,"Scanno di Gorino, Goro, Ferrara",Italia,6,0,Extranjero,,,,,,,,,,Anillamiento
C,T0096060,Haemantopus ostralegus,8,12,2000,"Marismas del Odiel, Huelva",España,6,0,M. Vazquez,,,,,,,,,,control 
A,IS000038,Vanellus vanellus,25,5,1997,"E Taldom, Moskow",Rusia,2,1,Extranjero,,,,,,,,,,Anillamiento
C,IS000038,Vanellus vanellus,19,12,1998,"Alcolea del Rio, Sevilla",España,2,0,M. Vazquez,,,,,,,,573,3821,Cazado con escopeta
A,OA81352,Charadrius hiaticula,20,7,2000,"Langenwerder, Neubrandenburg",Alemania,2,0,Extranjero,,,,,,,,,,Anillamiento
C,OA81352,Charadrius hiaticula,21,4,2001,"Lucio Poco abrigo, Puebla del Rio, Sevilla",España,4,2,M. Vazquez,,,,,,,,270,2296,control 
A,T012081,Charadrius hiaticula,24,4,1998,"Lucio Poco abrigo, Puebla del Rio, Sevilla",España,4,1,M. Vazquez,,,,,,,,,,Anillamiento
C,T012081,Charadrius hiaticula,15,5,2000,"Seal Sands, Teesmoth, Cleveland",Gran Bretaña,4,0,Extranjero,,,,,,,,752,1963,control 
A,BV74861,Charadrius hiaticula,3,5,1993,"Battlehill, Annan Dumfries, Galloway Region",Gran Bretaña,4,1,Extranjero,,,,,,,,,,Anillamiento
C,BV74861,Charadrius hiaticula,9,4,1998,"Lucio Poco abrigo, Puebla del Rio, Sevilla",España,4,0,M. Vazquez,,,,,,,,1802,1978,control 
A,3355448,Charadrius hiaticula,17,8,1987,"Sverige, Holand",Suecia,4,0,Extranjero,,,,,,,,,,Anillamiento
C,3355448,Charadrius hiaticula,26,9,1988,"Lucio Poco abrigo, Puebla del Rio, Sevilla",España,6,0,M. Vazquez,2,128,,,,,,,,control 
A,RBJ,Charadrius alexandrinus,15,8,1994,"St Peter Ording, Northwest of Hamburg",Alemania,2,2,Extranjero,,,,,,,,,,Anillamiento
C,RBJ,Charadrius alexandrinus,21,8,1996,"Los Palacios, Sevilla",España,4,0,M. Vazquez,,,,,,,,,,control 
A,6329130,Pluvialis apricaria,7,8,1994,"Krummhorn, Weser Ems , Excep Islas",Alemania,4,0,Extranjero,,,,,,,,,,Anillamiento
C,6329130,Pluvialis apricaria,15,1,2000,"Alcolea del Rio, Sevilla",España,A,0,M. Vazquez,,,,,,,,1987,2060,Cazado con escopeta
A,1188551,Pluvialis apricaria,21,11,1981,"Sexbierun, Friesland, Holland",Holanda,3,0,Extranjero,,,,,,,,,,Anillamiento
C,1188551,Pluvialis apricaria,2,1,1983,"Isla Mayor, Sevilla",España,7,0,M. Vazquez,,,,,,,,,2016,Cazado con escopeta
A,1318634,Pluvialis apricaria,11,11,1994,"Marrum Marrumer Mieden, Friesland",Holanda,4,0,Extranjero,,,,,,,,,,Anillamiento
C,1318635,Pluvialis apricaria,22,8,2003,"Pilas, Sevilla",España,A,0,M. Vazquez,,,,,,,,3206,2010,Cazado con escopeta fecha carta
A,M13577,Gallinago gallinago,6,10,1992,"Bazolles, Nievre",Francia,3,0,Extranjero,,,,,,,,,,Anillamiento
C,M13577,Gallinago gallinago,26,11,1994,"Isla Mayor, Sevilla",España,7,0,M. Vazquez,,,,,,,,781,1352,Cazado con escopeta
A,E148856,Numenius phaeopus,24,4,1988,"Merksplas, Antwerpen, Amberes",Belgica,4,0,Extranjero,,,,,,,,,,Anillamiento
C,E148856,Numenius phaeopus,5,5,2005,"Trebujena, Cadiz",España,A,0,M. Vazquez,,,,,,,,6220,1833,Cazado con escopeta fecha carta
A,3269650,Limosa limosa,11,6,1978,"Homnerts, Friesland",Holanda,1,0,Extranjero,,,,,,,,,,Anillamiento
C,3269650,Limosa limosa,15,11,1981,"Isla Mayor, Sevilla",España,9,0,LEO BIAGGI,,,,,,,,1235,1999,Cazado con escopeta
A,3340188,Limosa limosa,15,5,1982,"Langezwaag, Friesland",Holanda,1,0,Extranjero,,,,,,,,,,Anillamiento
C,3340188,Limosa limosa,15,12,1989,"Isla Mayor, Sevilla",España,A,0,LEO BIAGGI,,,,,,,,2765,2007,Cazado con escopeta fecha carta
A,4075446,Limosa limosa,18,8,2001,"Salinas de Santa Teresa,Sanlucar de Barrameda, Cadiz",España,4,0,M. Vazquez,,,,,,,,,,Anillamiento
C,4075446,Limosa limosa,8,5,2003,"Heiloo, Noord Holland",Holanda,4,2,Extranjero,,,,,,,,628,1961,Capturada por un animal silvestre
A,3X23809,Actitis hypoleucos,30,7,1986,"Fisriffoux, Namen",Belgica,2,0,Extranjero,,,,,,,,,,Anillamiento
C,3X23809,Actitis hypoleucos,12,8,1986,Chechaouen,Marruecos,2,0,LEO BIAGGI,,,,,,,,,,Cazado con escopeta
A,4364796,Tringa ochropus,8,7,2006,"Vadboden,Hornborgasjön, Västra Götaland",Suecia,2,0,Extranjero,,,,,,,,,,Anillamiento
C,4364796,Tringa ochropus,31,8,2006,"Laguna del Gobierno, Lantejuela,Sevilla",España,2,0,Zamalla,,,,,,,,54,2691,control 
A,1183521,Tringa totanus,1,6,1981,"Arkemeen, Gelderland",Holanda,1,0,Extranjero,,,,,,,,,,Anillamiento
C,1183521,Tringa totanus,15,12,1989,"Puebla del Rio, Sevilla",España,A,0,Zamalla,,,,,,,,3114,1916,Cazado con escopeta fecha carta
A,GE7646,Tringa totanus,17,4,1977,"Ile de Malprat, Biganos, Gironde",Francia,3,0,Extranjero,,,,,,,,,,Anillamiento
C,GE7646,Tringa totanus,1,3,1981,"Salinas de Santa Teresa,Sanlucar de Barrameda, Cadiz",España,A,0,LEO BIAGGI,,,,,,,,,,Cazado con escopeta
A,4048242,Tringa totanus,14,9,1995,"Marismas del Odiel, Huelva",España,4,1,M. Vazquez,,,,,,,,,,Anillamiento
C,4048242,Tringa totanus,9,5,1999,"Westerland, Nomerpolder, Noord Holland",Holanda,4,0,Extranjero,,,,,,,,1333,2276,control 
A,4068814,Tringa totanus,7,10,2002,"Salina del Pilar,Puerto Real, Cadiz",España,4,0,Zamalla,,,,,,,,,,Anillamiento
C,4068814,Tringa totanus,19,6,2006,"Den Helder, Noord Holland",Holanda,A,0,Extranjero,,,,,,,,1351,2015,control 
A,GA05607,Tringa totanus,22,8,1983,"Ujscie Redy, Gdansk",Polonia,3,0,Extranjero,,,,,,,,,,Anillamiento
C,GA05607,Tringa totanus,7,9,1999,"Salina del Pilar,Puerto Real, Cadiz",España,A,0,Zamalla,,,,,,,,5860,2768,control 
A,6283332,Tringa erhytropus,26,8,1972,"Rieselfelder, DFFM Munster",Alemania,3,0,Extranjero,,,,,,,,,,Anillamiento
C,6283332,Tringa erhytropus,15,1,1982,"Puebla del Rio, Sevilla",España,A,0,LEO BIAGGI,,,,,,,,3429,1999,Cazado con escopeta
A,4098815,Philomachus pugnax,3,8,2002,"Brazo del Este, Puebla del Rio, Sevilla",España,4,1,M. Vazquez,,,,,,,,,,Anillamiento
C,4098815,Philomachus pugnax,22,4,2005,"Cornwerd, Friesland",Holanda,4,1,Extranjero,,,,,,,,966,1988,control 
A,GN04923,Calidris canutus,30,7,1992,"Rewa, Kosakowo, Gdansk",Polonia,4,2,Extranjero,,,,,,,,,,Anillamiento
C,GN04923,Calidris canutus,4,5,1998,"Salinas de Bonanza,Sanlucar de Barrameda, Cadiz",España,4,0,Zamalla,,,,,,,,2104,2740,control 
A,KT13737,Calidris alpina,27,7,1988,"Sappi, Turku Pori, Abo Bjorneborg",Finlandia,6,1,Extranjero,,,,,,,,,,Anillamiento
C,KT13737,Calidris alpina,20,11,1988,"Lucio del Italiano, Puebla del Rio, Sevilla",España,4,0,LEO BIAGGI,,,,,,,,113,3295,Cazado con escopeta
A,T007228,Calidris alpina,24,9,1995,"Marismas del Odiel, Huelva",España,3,0,M. Vazquez,,,,,,,,,,Anillamiento
C,T007228,Calidris alpina,27,8,1996,"Tipperme, Jylland",Dinamarca,5,0,Extranjero,,,,,,,,338,2360,control 
A,T013291,Calidris alpina,19,8,1998,"Salina del Pilar,Puerto Real, Cadiz",España,3,0,Zamalla,,,,,,,,,,Anillamiento
C,T013291,Calidris alpina,2,8,2003,"Admiral´S Farm, Norfolk",Gran Bretaña,A,0,Extranjero,,,,,,,,1809,1877,control 
A,T027624,Calidris alpina,15,9,2001,"Salinas de Santa Teresa,Sanlucar de Barrameda, Cadiz",España,4,0,Zamalla,,,,,,,,,,Anillamiento
C,T027624,Calidris alpina,1,4,2003,"Res Nat de Moeze, Charente Maritime",Francia,4,0,Extranjero,,,,,,,,563,1110,control 
A,NR44714,Calidris alpina,14,7,1993,"Seal Sands, Teesmoth, Cleveland",Gran Bretaña,4,0,Extranjero,,,,,,,,,,Anillamiento
C,NR44714,Calidris alpina,18,1,1999,"Salina del Pilar,Puerto Real, Cadiz",España,4,0,Zamalla,,,,,,,,2014,2045,control 
A,NR47760,Calidris alpina,13,5,1998,"Biggar Bank, Walney Islands, Cumbria",Gran Bretaña,6,0,Extranjero,,,,,,,,,,Anillamiento
C,NR47760,Calidris alpina,14,5,1999,"Salina del Pilar,Puerto Real, Cadiz",España,4,0,Zamalla,,,,,,,,366,1963,control 
A,NR60648,Calidris alpina,10,5,1994,"North Gare Sands, Teesmooth, Cleveland",Gran Bretaña,6,0,Extranjero,,,,,,,,,,Anillamiento
C,NR60648,Calidris alpina,7,9,1999,"Salina del Pilar,Puerto Real, Cadiz",España,4,0,Zamalla,,,,,,,,1946,2047,control 
A,NR78854,Calidris alpina,24,8,1996,"Seal Sands, Teesmoth, Cleveland",Gran Bretaña,3,0,Extranjero,,,,,,,,,,Anillamiento
C,NR78854,Calidris alpina,12,9,1999,"Salina del Pilar,Puerto Real, Cadiz",España,9,0,Zamalla,,,,,,,,1114,2045,control 
A,NS54701,Calidris alpina,11,5,1996,"Waterfoot, Dumfries, Galloway Region",Gran Bretaña,6,2,Extranjero,,,,,,,,,,Anillamiento
C,NS54701,Calidris alpina,24,4,1998,"Lucio Poco abrigo, Puebla del Rio, Sevilla",España,4,0,M. Vazquez,,,,,,,,713,1978,control 
A,C8628956,Calidris alpina,6,10,1997,"Jomfruland, Kragero, Telenark",Noruega,3,0,Extranjero,,,,,,,,,,Anillamiento
C,C8628956,Calidris alpina,13,2,1999,"Salina del Pilar,Puerto Real, Cadiz",España,7,0,Zamalla,,,,,,,,495,2734,control 
A,JN56998,Calidris alpina,30,8,1993,"Ujscie Wisly K Swibna, Gdansk",Polonia,3,0,Extranjero,,,,,,,,,,Anillamiento
C,JN56998,Calidris alpina,8,4,1999,"Salina del Pilar,Puerto Real, Cadiz",España,A,0,Zamalla,,,,,,,,2047,2757,control 
A,T007727,Calidris ferruginea,17,8,1996,"Marismas del Odiel, Huelva",España,4,0,M. Vazquez,,,,,,,,,,Anillamiento
C,T007727,Calidris ferruginea,23,7,2000,"Ottenby, Oland",Suecia,4,0,Extranjero,,,,,,,,1436,2728,control 
A,81482239,Calidris ferruginea,15,5,1993,"Central Sivash II, Crimea",Ucrania,6,0,Extranjero,,,,,,,,,,Anillamiento
C,81482239,Calidris ferruginea,6,5,1999,"Salina del Pilar,Puerto Real, Cadiz",España,4,0,Zamalla,,,,,,,,2182,3493,control 
A,2286797,Calidris minuta,7,8,1991,"Veta la Palma, Puebla del Rio, Sevilla",España,4,1,M. Vazquez,,,,,,,,,,Anillamiento
C,2286797,Calidris minuta,28,7,1993,"Sappi Luvia, Turku Pori, Abo Bjorneborg",Finlandia,6,1,Extranjero,,,,,,,,721,3309,control 
A,E81599,Recurvirostra avosetta,11,6,1980,"Apetlon, Nez Neusiedl, Burgenland",Austria,1,0,Extranjero,,,,,,,,,,Anillamiento
C,E81599,Recurvirostra avosetta,15,7,1989,"Lucio de las Gavetas, Puebla del Rio",España,A,0,LEO BIAGGI,,,,,,,,,,Encontrado muerto
A,3415965,Recurvirostra avosetta,22,7,1996,"Wormer-En Jisperveld, Noord Holland",Holanda,3,0,Extranjero,,,,,,,,,,Anillamiento
C,3415965,Recurvirostra avosetta,6,9,1997,"Dehesa de Abajo, Puebla del Rio, Sevilla",España,5,0,M. Vazquez,,,,,,,,411,1893,Encontrado muerto
A,4071886,Himantopus himantopus,25,6,1998,"Los Palacios, Sevilla",España,1,0,M. Vazquez,,,,,,,,,,Anillamiento
C,4071886,Himantopus himantopus,10,7,2004,"Ksar Chellala, Argelia otras Provincias",Argelia,A,0,Extranjero,,,,,,,,2207,769,Encontrado muerto
A,EC89687,Burhinus oedicnemus,3,8,1994,Norfolk,Gran Bretaña,1,0,Extranjero,,,,,,,,,,Anillamiento
C,EC89687,Burhinus oedicnemus,15,1,1995,"La Roda, Sevilla",España,5,0,M. Vazquez,,,,,,,,165,1744,Cazado con escopeta
A,5202873,Larus fuscus,25,6,1987,"ECT Terrein, Maasulakte, Zuid Holland",Holanda,1,0,Extranjero,,,,,,,,,,Anillamiento
C,5202873,Larus fuscus,15,11,1988,"Puebla del Rio, Sevilla",España,5,0,LEO BIAGGI,,,,,,,,505,1815,Cazado con escopeta
A,4076860,Larus fuscus,25,7,1989,"Mikladi, Jylland, Jutland",Dinamarca,1,0,Extranjero,,,,,,,,,,Anillamiento
C,4076860,Larus fuscus,15,12,1989,"Puebla del Rio, Sevilla",España,3,0,LEO BIAGGI,,,,,,,,157,2818,Cazado con escopeta
A,GG44185,Larus fuscus,8,7,1990,"Ordfordness, Suffolk",Gran Bretaña,1,0,Extranjero,,,,,,,,,,Anillamiento
C,GG44185,Larus fuscus,9,9,1991,"Isla Mayor, Sevilla",España,5,0,LEO BIAGGI,,,,,,,,426,1770,Encontrado muerto
A,4167111,Larus fuscus,18,6,1991,"Rauna, Farsund, Vest Agder",Noruega,1,0,Extranjero,,,,,,,,,,Anillamiento
C,4167111,Larus fuscus,29,6,1996,"Marismas del Odiel, Huelva",España,A,0,M. Vazquez,,,,,,,,1960,2523,control 
A,4224148,Larus fuscus,12,7,2002,"Rauna, Farsund, Vest Agder",Noruega,1,0,Extranjero,,,,,,,,,,Anillamiento
C,4224148,Larus fuscus,21,9,2003,"Laguna del Gobierno, Lantejuela,Sevilla",España,5,0,M. Vazquez,,,,,,,,436,2457,control 
A,6017280,Larus fuscus,30,8,1990,"Cañada de los Pajaros, Puebla del Rio, Sevilla",España,4,0,LEO BIAGGI,,,,,,,,,,Anillamiento
C,6017280,Larus fuscus,28,8,1992,"Merrynton, Near Larkhall, Strathclyde Region",Gran Bretaña,8,0,Extranjero,,,,,,,,729,2060,Colision con tendido electrico
A,MA11008,Larus canus,5,7,1985,"Skurvene, Hisoy, Aust Agder",Noruega,1,0,Extranjero,,,,,,,,,,Anillamiento
C,MA11008,Larus canus,4,2,1987,"Corta de la Cartuja, Sevilla",España,7,0,LEO BIAGGI,,,,,,,,,,Encontrado herida y no liberada
A,4T65312,Larus ridibundus,10,6,1989,"Genk, Limburg",Belgica,1,0,Extranjero,,,,,,,,,,Anillamiento
C,4T65312,Larus ridibundus,6,9,1990,"Cañada de los Pajaros, Puebla del Rio, Sevilla",España,5,0,LEO BIAGGI,,,,,,,,451,1775,Encontrado muerto
A,FS11577,Larus ridibundus,1,6,1988,"Clepe, Loire",Francia,1,0,Extranjero,,,,,,,,,,Anillamiento
C,FS11577,Larus ridibundus,9,9,1990,"Cañada de los Pajaros, Puebla del Rio, Sevilla",España,7,0,LEO BIAGGI,,,,,,,,828,1272,Encontrado muerto
A,3438899,Larus ridibundus,8,6,1988,"Hellegatsplein, Noord Brabant",Holanda,1,0,Extranjero,,,,,,,,,,Anillamiento
C,3438899,Larus ridibundus,5,8,1991,"Aznalcazar, Sevilla",España,9,0,LEO BIAGGI,,,,,,,,1152,1806,Encontrado muerto
A,311365,Larus ridibundus,2,6,1988,"Gagzdai, Klaipeda",Lituania,1,0,Extranjero,,,,,,,,,,Anillamiento
C,311365,Larus ridibundus,3,9,1989,"Puebla del Rio, Sevilla",España,5,0,LEO BIAGGI,,,,,,,,456,2901,Encontrado muerto
A,375328,Larus ridibundus,1,6,1991,"Zatysiai, Jonava",Lituania,1,0,Extranjero,,,,,,,,,,Anillamiento
C,375328,Larus ridibundus,10,12,1991,"Puebla del Rio, Sevilla",España,3,0,LEO BIAGGI,,,,,,,,189,3008,Encontrado muerto
A,4003721,Larus ridibundus,7,9,1989,"Cañada de los Pajaros, Puebla del Rio, Sevilla",España,4,0,LEO BIAGGI,,,,,,,,,,Anillamiento
C,4003721,Larus ridibundus,27,3,1994,"Koln Longerich, Koln",Alemania,A,0,Extranjero,,,,,,,,1662,1837,Encontrado muerto
A,4030527,Larus ridibundus,3,9,1990,"Cañada de los Pajaros, Puebla del Rio, Sevilla",España,3,0,LEO BIAGGI,,,,,,,,,,Anillamiento
C,4030527,Larus ridibundus,10,5,1992,"Moerbeke Waas, Flandes Oriental",Belgica,7,0,Extranjero,,,,,,,,,,Encontrado muerto
A,ST52707,Larus ridibundus,30,6,1988,"Lieksa, Phojois Karjalan, Mikkili San Miguel",Finlandia,4,0,Extranjero,,,,,,,,,,Anillamiento
C,ST52707,Larus ridibundus,16,1,1989,"El Rubio, Sevilla",España,4,0,LEO BIAGGI,,,,,,,,200,3707,Cazado con escopeta
A,1373245,Sterna sandvicensis,29,5,1998,"Griend, Griend",Holanda,1,0,Extranjero,,,,,,,,,,Anillamiento
C,1373245,Sterna sandvicensis,14,9,2001,"Salinas de Santa Teresa,Sanlucar de Barrameda, Cadiz",España,4,0,M. Vazquez,,,,,,,,1204,2040,control 
A,5063406,Streptopelia decaocto,4,10,2003,"Cañada de los Pajaros, Puebla del Rio, Sevilla",España,3,0,M. Vazquez,,,,,,,,,,Anillamiento
C,5063406,Streptopelia decaocto,23,9,2004,"Ria de Alvor, Faro, Algarve",Portugal,5,0,Extranjero,,,,,,,,355,216,control 
A,H78185,Tyto alba,23,6,1996,"Biwer, Luxemburgo",Luxemburgo,1,0,Extranjero,,,,,,,,,,Anillamiento
C,H78185,Tyto alba,1,12,1996,"Vejer de la Frontera, Cadiz",España,3,0,M. Vazquez,,,,,,,,161,1797,Atropellado
A,SA34145,Apus apus,22,6,1973,"Knresborogh, North Yorkshire",Gran Bretaña,4,0,Extranjero,,,,,,,,,,Anillamiento
C,SA34145,Apus apus,15,10,1984,"Cazalla de la Sierra, Sevilla",España,A,0,LEO BIAGGI,,,,,,,,3414,1819,Cazado con escopeta
A,3194350,Upupa epops,24,3,2005,"Laguna del Gobierno, Lantejuela,Sevilla",España,4,0,Zamalla,1,145,80,,,,,,,Anillamiento
C,3194350,Upupa epops,25,4,2007,"Monsegur, Landes",Francia,4,0,Extranjero,,,,,,,,762,799,Atropellado
A,220413,Anser anser,11,8,1983,Gulper See,Alemania,3,1,Extranjero,,,,,,,,,,Anillamiento
C,220413,Anser anser,17,6,2005,"Moguer, Huelva",España,A,0,M. Vazquez,,,,,,,,7981,2273,Encontrada solo anilla
A,9030456,Ciconia ciconia,17,6,2004,"Dehesa de Abajo, Puebla del Rio, Sevilla",España,1,0,M. Vazquez,,,,,,,,,,Anillamiento
C,9030456,Ciconia ciconia,5,7,2010,Ayoun El Atrouss,Mauritania,A,0,CRBPO,,,,,,,,2209,2297,Encontrado muerto
A,A5114,Ciconia ciconia,13,6,2006,"Manhein, Nordbaden, Karlsruhe",Alemania,1,0,M. Vazquez,,,,,,,,,,Anillamiento
C,A5114,Ciconia ciconia,20,8,2006,"Puerto Real, Cadiz",España,3,0,Extranjero,,,,,,,,68,1860,Colision con tendido electrico
A,DD62652,Sterna sandvicensis,1,7,2006,"Ogilby Island, Down",Gran Bretaña,1,0,M. Vazquez,,,,,,,,,,Anillamiento
C,DD62652,Sterna sandvicensis,13,3,2007,"Veta la Palma, Puebla del Rio, Sevilla",España,4,0,Extranjero,,,,,,,,255,1938,Encontrado muerto
A,2E1108,Phalacrocorax carbo,14,6,1999,"Yderste Holm, Stavns Fjord, Samso",Dinamarca,1,0,Extranjero,,,,,,,,,,Anillamiento
C,2E1108,Phalacrocorax carbo,15,11,2001,"San Fernando,Cadiz",España,5,0,M. Vazquez,,,,,,,,885,2499,Cazado con escopeta
A,GG25935,Larus fuscus,21,5,1989,"Swomer Island, Dyfed, Wales",Gran Bretaña,1,0,Extranjero,,,,,,,,,,Anillamiento
C,GG25935,Larus fuscus,30,8,1989,"Veta la Palma, Puebla del Rio, Sevilla",España,3,0,LEO BIAGGI,,,,,,,,,,Encontrado enfermo y  liberado
A,FS16993,Larus ridibundus,2,6,1990,"Craintilleux, Loire",Francia,1,0,Extranjero,,,,,,,,,,Anillamiento
C,FS16993,Larus ridibundus,15,9,1990,"Puebla del Rio, Sevilla",España,3,0,LEO BIAGGI,,,,,,,,103,1258,Encontrado enfermo y  liberado
A,379265,Sterna caspia,17,6,1986,Tombamaa,Estonia,1,0,Extranjero,,,,,,,,,,Anillamiento
C,379265,Sterna caspia,23,8,1991,"Isla Mayor, Sevilla",España,6,0,LEO BIAGGI,,,,,,,,1891,3144,Encontrado enfermo y  liberado
A,SA867098,Alauda arvensis,18,10,1994,"Tremblay sur Mauldre, Yvelines, Paris",Francia,4,2,Extranjero,,,,,,,,,,Anillamiento
C,SA867098,Alauda arvensis,26,2,1995,"Isla Mayor, Sevilla",España,2,0,LEO BIAGGI,,,,,,,,131,1448,Cazado con escopeta
A,232903,Riparia riparia,15,5,1988,"La Isleta, Puebla del Rio, Sevilla",España,4,0,M. Vazquez,,,,,,,,,,Anillamiento
C,232903,Riparia riparia,22,3,1991,"PN Djoudj, Fleuve",Senegal,4,0,Extranjero,,,,,,,,1042,2528,control 
A,832254,Riparia riparia,14,8,1997,"El Pantano, Los Palacios, Sevilla",España,2,0,M. Vazquez,,,,,,,,,,Anillamiento
C,832254,Riparia riparia,20,5,1998,"Marateca, Setubal, Estremadura",Portugal,4,0,Extranjero,,,,,,,,279,298,control 
A,AF1338,Riparia riparia,4,9,1999,"Laguna Cerro de las Cigüeñas, Los Palacios, Sevilla",España,3,0,M. Vazquez,,,,,,,,,,Anillamiento
C,AF1338,Riparia riparia,19,6,2000,"Mid Lairgs, Daviot, Highland Region",Gran Bretaña,4,2,Extranjero,,,,,,,,289,2252,control 
A,A161871,Riparia riparia,25,6,1998,"Paul da Madriz, Coimbra, Beira Litoral",Portugal,3,0,Extranjero,,,,,,,,,,Anillamiento
C,A161871,Riparia riparia,22,8,1999,"Laguna Cerro de las Cigüeñas, Los Palacios, Sevilla",España,4,0,M. Vazquez,,,,,,,,423,402,control 
A,A166280,Riparia riparia,5,7,1999,"Paul da Madriz, Coimbra, Beira Litoral",Portugal,3,0,Extranjero,,,,,,,,,,Anillamiento
C,A166280,Riparia riparia,22,8,1999,"Laguna Cerro de las Cigüeñas, Los Palacios, Sevilla",España,3,0,M. Vazquez,,,,,,,,48,404,Muerto en red japonesa ahogado
A,229553,Hirundo rustica,19,4,1988,"Puebla del Rio, Sevilla",España,1,0,LEO BIAGGI,,,,,,,,,,Anillamiento
C,229553,Hirundo rustica,8,5,1991,Missour,Marruecos,2,0,Extranjero,,,,,,,,1114,504,Encontrado muerto
A,309387,Hirundo rustica,4,5,1991,"Cortijo Saballo, Marinaleda, Sevilla",España,1,0,M. Vazquez,,,,,,,,,,Anillamiento
C,309387,Hirundo rustica,24,3,1992,Beni Mellal,Marruecos,5,0,Particular,,,,,,,,325,575,control 
A,AC5521,Hirundo rustica,21,8,1999,"Laguna Cerro de las Cigüeñas, Los Palacios, Sevilla",España,3,0,M. Vazquez,,,,,,,,,,Anillamiento
C,AC5521,Hirundo rustica,24,1,2000,"Ebbajen, Boje",Nigeria,5,0,Particular,,,,,,,,156,3747,control 
A,AF1523,Hirundo rustica,4,9,1999,"Laguna Cerro de las Cigüeñas, Los Palacios, Sevilla",España,3,0,M. Vazquez,,,,,,,,,,Anillamiento
C,AF1523,Hirundo rustica,19,4,2000,PN de Souss Massa,Marruecos,2,0,CRBPO,,,,,,,,228,869,Colision con un avion
A,N207694,Hirundo rustica,6,10,2005,"Caño Navarro, Coria del Rio, Sevilla",España,3,0,M. Vazquez,,,,,,,,,,Anillamiento
C,N207694,Hirundo rustica,13,5,2006,"Norton, South Yorks",Gran Bretaña,5,0,BTO,,130,19.1,,,,,219,1855,control 
A,1184479,Anthus pratensis,1,10,1982,"Overijse, Brabant",Belgica,4,0,Extranjero,,,,,,,,,,Anillamiento
C,1184479,Anthus pratensis,5,12,1987,"Coria del Rio, Sevilla",España,4,0,M. Vazquez,,,,,,,,1889,1706,Cazada
A,1235157,Anthus pratensis,9,10,1980,"Lokeren, Cost VL",Belgica,2,0,Extranjero,,,,,,,,,,Anillamiento
C,1235157,Anthus pratensis,2,11,1980,"Coria del Rio, Sevilla",España,2,0,M. Vazquez,,,,,,,,,,Cazada red de suelo
A,2265107,Anthus pratensis,23,9,1986,"Awirs, Luik, Lieja",Belgica,3,0,Extranjero,,,,,,,,,,Anillamiento
C,2265107,Anthus pratensis,30,6,1987,"Puebla del Rio, Sevilla",España,2,0,M. Vazquez,,,,,,,,260,1758,Solo anilla
A,2279724,Anthus pratensis,13,10,1986,"Bellers, Henegouwen",Belgica,4,0,Extranjero,,,,,,,,,,Anillamiento
C,2279724,Anthus pratensis,20,11,1988,"Puebla del Rio, Sevilla",España,2,0,M. Vazquez,,,,,,,,767,1668,Cazada
A,2083874,Anthus pratensis,2,10,1988,"Neerpelt, Limburg",Belgica,4,0,Extranjero,,,,,,,,,,Anillamiento
C,2083874,Anthus pratensis,12,11,1988,"Carmona, Sevilla",España,2,0,M. Vazquez,,,,,,,,40,1760,Cazada con percha
A,2722123,Anthus pratensis,11,10,1987,"Merksplas, Antwerpen, Amberes",Belgica,4,0,Extranjero,,,,,,,,,,Anillamiento
C,2722123,Anthus pratensis,12,11,1988,"Carmona, Sevilla",España,2,0,M. Vazquez,,,,,,,,396,1753,Cazada con percha
A,3482480,Anthus pratensis,30,9,1989,"Sourbrodt, Luik, Lieja",Belgica,3,0,Extranjero,,,,,,,,,,Anillamiento
C,3482480,Anthus pratensis,1,11,1994,"Coria del Rio, Sevilla",España,2,0,M. Vazquez,,,,,,,,1858,1756,Cazada
A,3580464,Anthus pratensis,11,10,1990,"Anzegem, Flandes Occidental",Belgica,4,0,Extranjero,,,,,,,,,,Anillamiento
C,3580464,Anthus pratensis,25,15,1991,"Puñana, Almensilla, Sevilla",España,2,0,M. Vazquez,,,,,,,,441,1600,Cazada
A,8305694,Anthus pratensis,27,9,2002,"Hamme St Anna, Oost Vlaanderen, Flandes",Belgica,3,0,Extranjero,,,,,,,,,,Anillamiento
C,8305694,Anthus pratensis,15,11,2004,"Trebujena, Cadiz",España,2,0,M. Vazquez,,,,,,,,780,1780,Cazada
A,XC743076,Anthus pratensis,29,7,1988,"Kandalakshskiy Zap-K, Bolshoy, Murmansk",Rusia,3,0,Extranjero,,,,,,,,,,Anillamiento
C,XC743076,Anthus pratensis,4,12,1988,"Los Palacios, Sevilla",España,2,0,M. Vazquez,,,,,,,,128,4255,Cazada
A,XD973232,Anthus pratensis,4,7,1991,"Kandalakshskiy, Barentsevo, Mor Murmansk",Rusia,1,0,Extranjero,,,,,,,,,,Anillamiento
C,XD973232,Anthus pratensis,15,12,1992,"Dos Hermanas, Sevilla",España,5,0,M. Vazquez,,,,,,,,530,4244,Cazada
A,XD973239,Anthus pratensis,6,7,1991,"Kandalakshskiy, Barentsevo, Mor Murmansk",Rusia,1,0,Extranjero,,,,,,,,,,Anillamiento
C,XD973239,Anthus pratensis,15,12,1992,"Dos Hermanas, Sevilla",España,5,0,M. Vazquez,,,,,,,,528,4246,Cazada
A,E225608,Anthus pratensis,15,9,1987,"Sporn Point, Humberside",Gran Bretaña,3,0,Extranjero,,,,,,,,,,Anillamiento
C,E225608,Anthus pratensis,25,10,1988,"Coria del Rio, Sevilla",España,2,0,M. Vazquez,,,,,,,,405,1872,Cazada
A,H559564,Anthus pratensis,13,9,1992,"Spurn Head, Humberside",Gran Bretaña,3,0,Extranjero,,,,,,,,,,Anillamiento
C,H559564,Anthus pratensis,17,11,1992,"Colegio El Rocio, Torreblanca, Sevilla",España,2,0,M. Vazquez,,,,,,,,65,1856,Encontrado muerto
A,E117353,Anthus pratensis,5,9,1989,"Finset, Hemsedal, Buskerund",Noruega,4,0,Extranjero,,,,,,,,,,Anillamiento
C,E117353,Anthus pratensis,30,10,1991,"Huevar, Sevilla",España,2,0,M. Vazquez,,,,,,,,815,2815,Cazada
A,E193569,Anthus pratensis,14,8,1989,"Fraena, More Og Romsdal",Noruega,3,0,Extranjero,,,,,,,,,,Anillamiento
C,E193569,Anthus pratensis,1,11,1994,"Coria del Rio, Sevilla",España,2,0,M. Vazquez,,,,,,,,1905,2988,Cazada
A,A997542,Anthus pratensis,22,9,1988,"Kennmerduinen, Harlen, Noord Holland",Holanda,4,0,Extranjero,,,,,,,,,,Anillamiento
C,A997542,Anthus pratensis,5,11,1988,"Carmona, Sevilla",España,2,0,M. Vazquez,,,,,,,,43,1842,Cazada con percha
A,3039383,Motacilla cinerea,8,9,1988,Clabecq,Belgica,2,0,Extranjero,,,,,,,,,,Anillamiento
C,3039384,Motacilla cinerea,11,12,1988,"Torreblanca, Sevilla",España,2,0,M. Vazquez,,,,,,,,,1683,Otros
A,3924820,Motacilla flava,10,3,1993,"PN Djoudj, Fleuve",Senegal,4,2,Extranjero,,,,,,,,,,Anillamiento
C,3924820,Motacilla flava,28,10,1995,"Puebla del Rio, Sevilla",España,2,0,M. Vazquez,,,,,,,,962,2525,Encontrado muerto
A,9004398,Ciconia ciconia,29,5,1992,"Cañada de los Pajaros, Puebla del Rio, Sevilla",España,1,0,M. Vazquez,,,,,,,,,,Anillamiento
C,9004398,Ciconia ciconia,5,3,1999,Tombouctou,Mali,A,0,Extranjero,,,,,,,,,,Encontrado muerto
A,23V12140,Motacilla alba,7,4,1983,"St Amande, Antwerpen",Belgica,4,1,Extranjero,,,,,,,,,,Anillamiento
C,23V12140,Motacilla alba,3,11,1986,"Coria del Rio, Sevilla",España,2,0,M. Vazquez,,,,,,,,,,Cazada
A,33V12675,Motacilla alba,18,9,1990,"Zele Heikant, Flandes Occidental",Belgica,3,0,Extranjero,,,,,,,,,,Anillamiento
C,33V12675,Motacilla alba,25,12,1991,"Puñana, Almensilla, Sevilla",España,5,0,M. Vazquez,,,,,,,,464,1650,Cazada
A,4262822,Motacilla alba,30,9,1992,"Boortmeerbeek, Brabant",Belgica,3,0,Extranjero,,,,,,,,,,Anillamiento
C,4262822,Motacilla alba,15,12,1992,"Dos Hermanas, Sevilla",España,3,0,M. Vazquez,,,,,,,,76,1734,Atropellado
A,80710173,Motacilla alba,13,6,1987,"Plau Appelburg, Schwerin",Alemania,1,0,Extranjero,,,,,,,,,,Anillamiento
C,80710173,Motacilla alba,15,12,1987,"Coria del Rio, Sevilla",España,3,0,M. Vazquez,,,,,,,,182,2286,Cazada
A,3196662,Sturnus vulgaris,24,11,2001,"La Fao, Aznalcazar, Sevilla",España,3,2,M. Vazquez,,,,,,,,,,Anillamiento
C,3196662,Sturnus vulgaris,20,10,2002,"Mas Thibert, Bouches du Rhone",Francia,2,0,Extranjero,,,,,,,,330,1203,Cazado con escopeta
A,1E87964,Prunella modularis,15,9,2001,"Jabekk, Mandal, Vest Agder",Noruega,3,0,M. Vazquez,,,,,,,,,,Anillamiento
C,1E87964,Prunella modularis,11,11,2001,"El Alamillo, Sevilla",España,3,0,Extranjero,,,,,,,,57,2495,control 
A,N216363,Acrocephalus schoenobaenus,9,4,2006,"Laguna del Gobierno, Lantejuela,Sevilla",España,4,0,M. Vega,,,,,,,,,,Anillamiento
C,N216363,Acrocephalus schoenobaenus,23,4,2006,"Sewage Treatment Works, Bedfordshire",Gran Bretaña,4,0,BTO,,,,,,,,14,1662,control 
C,N216363,Acrocephalus schoenobaenus,3,6,2007,"Sewage Treatment Works, Bedfordshire",Gran Bretaña,4,0,BTO,,65,11.5,,,,,420,1662,control 
A,4513029,Acrocephalus schoenobaenus,8,5,2002,"Vred, Nord",Francia,4,1,Extranjero,,67,11,,,,,,,Anillamiento
C,4513029,Acrocephalus schoenobaenus,17,3,2004,"Veta la Palma, Puebla del Rio, Sevilla",España,4,0,M. Vazquez,0,67.5,11.6,,,,,679,1653,control 
A,AC0331,Acrocephalus schoenobaenus,29,5,2005,"Jersey Bird Observatory, ST Ouen, Jersey Islas del Canal",Gran Bretaña,4,0,Extranjero,,,,,,,,,,Anillamiento
C,AC0331,Acrocephalus schoenobaenus,18,8,2006,"Caño Navarro, Coria del Rio, Sevilla",España,4,0,M. Vazquez,8,,,,,,,446,1367,control 
A,A175939,Acrocephalus schoenobaenus,10,9,2004,"Barrinha de Mira, Coimbra",Portugal,3,0,Extranjero,,,,,,,,,,Anillamiento
C,A175939,Acrocephalus schoenobaenus,15,5,2005,"Laguna del Gobierno, Lantejuela,Sevilla",España,4,0,M. Vega,2,63,11,,,,,247,461,control 
A,VP21064,Acrocephalus palustris,19,8,2003,"Ventes Ragas, Silute",Lituania,3,0,Extranjero,,,,,,,,,,Anillamiento
C,VP21065,Acrocephalus palustris,30,5,2004,"Laguna del Gobierno, Lantejuela,Sevilla",España,4,0,M. Vega,,,,,,,,285,2815,control 
A,VD76554,Acrocephalus palustris,21,7,2004,"Roblingen, Mansfelder, Halle",Alemania,3,0,Extranjero,,,,,,,,,,Anillamiento
C,VD76554,Acrocephalus palustris,26,8,2004,"Caño Navarro, Coria del Rio, Sevilla",España,3,0,M. Vazquez,,,,,,,,36,2100,control 
A,ZB55555,Acrocephalus scirpaceus,25,5,2002,"Bohmke U Werder Wolgast, Rostock",Alemania,4,0,Extranjero,,,,,,,,,,Anillamiento
C,ZB55555,Acrocephalus scirpaceus,15,5,2005,"Laguna del Gobierno, Lantejuela,Sevilla",España,4,0,M. Vega,2,66.5,11,,,,,1086,2359,control 
A,3229814,Acrocephalus scirpaceus,27,5,1990,"Wetteren, Oost Vlaanderen, Flandes Or",Belgica,4,0,Extranjero,,,,,,,,,,Anillamiento
C,3229814,Acrocephalus scirpaceus,5,10,1992,"Sanlucar de Barrameda, Cadiz",España,4,0,M. Vazquez,,,,,,,,862,1777,Cazada
A,4115167,Acrocephalus scirpaceus,1,9,1991,"Genk, Limburg",Belgica,3,0,Extranjero,,,,,,,,,,Anillamiento
C,4115167,Acrocephalus scirpaceus,5,5,1995,"La Escribana, Coria del Rio, Sevilla",España,4,0,M. Vazquez,,,,,,,,1342,1769,control 
A,4449241,Acrocephalus scirpaceus,18,8,1992,"Nismes, Namen, Namur",Belgica,3,0,Extranjero,,,,,,,,,,Anillamiento
C,4449241,Acrocephalus scirpaceus,6,9,1994,"Villaverde del Rio, Sevilla",España,4,0,M. Vazquez,,,,,,,,749,1617,Encontrado muerto
A,9441291,Acrocephalus scirpaceus,11,8,2005,"Wetteren, Oost Vlaanderen, Flandes Or",Belgica,3,0,Extranjero,,,,,,,,,,Anillamiento
C,9441291,Acrocephalus scirpaceus,25,8,2006,"Caño Navarro, Coria del Rio, Sevilla",España,4,0,M. Vazquez,2,,,,,,,379,1714,control 
A,9445337,Acrocephalus scirpaceus,30,8,2005,"Essen, Antwerpen, Amberes",Belgica,3,0,Extranjero,,,,,,,,,,Anillamiento
C,9445337,Acrocephalus scirpaceus,28,8,2006,"Caño Navarro, Coria del Rio, Sevilla",España,4,0,M. Vazquez,3,,,,,,,363,1784,control 
A,9417466,Acrocephalus scirpaceus,1,8,2005,"Teralfene, Vlaams Brabant",Belgica,4,0,Extranjero,,,,,,,,,,Anillamiento
C,9417466,Acrocephalus scirpaceus,25,8,2006,"Caño Navarro, Coria del Rio, Sevilla",España,4,0,M. Vazquez,0,,,,,,,389,1711,control 
A,9459246,Acrocephalus scirpaceus,16,8,2005,"Zulte, Oost Vlaanderen, Flandes",Belgica,3,0,Extranjero,,,,,,,,,,Anillamiento
C,9459246,Acrocephalus scirpaceus,14,8,2006,"Caño Navarro, Coria del Rio, Sevilla",España,4,0,M. Vazquez,6,,,,,,,363,1690,control 
A,9645641,Acrocephalus scirpaceus,7,8,2006,"Oorderen, Antwerpen, Amberes",Belgica,4,0,Extranjero,,,,,,,,,,Anillamiento
C,9645641,Acrocephalus scirpaceus,28,9,2006,"Laguna del Gobierno, Lantejuela,Sevilla",España,4,0,M. Vazquez,,,,,,,,52,1722,control 
A,9836110,Acrocephalus scirpaceus,17,8,2006,"Sint Amands, Antwerpen, Amberes",Belgica,3,0,Extranjero,,,,,,,,,,Anillamiento
C,9836110,Acrocephalus scirpaceus,24,5,2008,"Laguna del Gobierno, Lantejuela,Sevilla",España,4,0,M. Vega,,,,,,,,646,1694,control 
A,TA6632,Acrocephalus scirpaceus,2,8,2001,"Lazne Bohdanec, Pardubice",Republica Checa,3,0,Extranjero,,,,,,,,,,Anillamiento
C,TA6632,Acrocephalus scirpaceus,8,5,2005,"Laguna del Gobierno, Lantejuela,Sevilla",España,4,0,M. Vazquez,0,65,10,,,,,1375,2181,control 
A,N360289,Acrocephalus scirpaceus,30,4,2005,"Nakri, Ceske Budejovice",Republica Checa,3,0,Extranjero,,,,,,,,,,Anillamiento
C,N360289,Acrocephalus scirpaceus,16,4,2006,"Laguna del Gobierno, Lantejuela,Sevilla",España,4,0,M. Vega,3,68.5,14,,,,,351,2042,control 
A,176745,Acrocephalus scirpaceus,5,7,1987,"Huerta Daniel, Puebla del Rio, Sevilla",España,4,0,M. Vazquez,,,,,,,,,,Anillamiento
C,176745,Acrocephalus scirpaceus,14,3,1993,"PN Du Djoudj, Fleuve",Senegal,4,0,Extranjero,,,,,,,,2079,2525,control 
A,N215996,Acrocephalus scirpaceus,15,5,2005,"Laguna del Gobierno, Lantejuela,Sevilla",España,4,0,M. Vega,,,,,,,,,,Anillamiento
C,N215997,Acrocephalus scirpaceus,22,8,2005,"Heuseux, Luik, Lieja",Belgica,4,0,Extranjero,,65,12,,,,,99,1714,control 
A,AE63003,Acrocephalus scirpaceus,14,8,1999,"Vrhinika, Ljubljansko Barje, Slovenia",Eslovenia,4,0,Extranjero,,,,,,,,,,Anillamiento
C,AE63003,Acrocephalus scirpaceus,9,5,2004,"Laguna del Gobierno, Lantejuela,Sevilla",España,4,0,M. Vega,,,,,,,,1730,1875,control 
A,3981584,Acrocephalus scirpaceus,14,3,1993,"PN Du Djoudj, Fleuve",Senegal,4,0,Extranjero,,,,,,,,,,Anillamiento
C,3981584,Acrocephalus scirpaceus,4,7,1993,"Ecija, Sevilla",España,4,0,LEO BIAGGI,,,,,,,,81,2593,control 
A,4681485,Acrocephalus scirpaceus,30,7,2004,"Arraincourt, Moselle",Francia,4,0,Extranjero,,,,,,,,,,Anillamiento
C,4681485,Acrocephalus scirpaceus,11,8,2005,"Caño Navarro, Coria del Rio, Sevilla",España,4,0,M. Vazquez,3,69,12.1,,,,,377,1647,control 
A,4975168,Acrocephalus scirpaceus,9,9,2004,"Marais de Wissant, Tardinghen, Pas de Calais",Francia,3,0,Extranjero,,,,,,,,,,Anillamiento
C,4975168,Acrocephalus scirpaceus,22,5,2005,"Laguna del Gobierno, Lantejuela,Sevilla",España,4,0,M. Vega,1,63,10,,,,,255,1596,control 
A,R215620,Acrocephalus scirpaceus,8,6,2005,"Canterbury, Kent",Gran Bretaña,4,1,Extranjero,,66,10.6,,,,,,,Anillamiento
C,R215620,Acrocephalus scirpaceus,5,9,2006,"Caño Navarro, Coria del Rio, Sevilla",España,4,0,M. Vazquez,6,,,,,,,454,1659,control 
A,R303080,Acrocephalus scirpaceus,6,8,2002,"Westwick, Bishop Monkton, Northyorkshire",Gran Bretaña,4,1,Extranjero,,,,,,,,,,Anillamiento
C,R303080,Acrocephalus scirpaceus,11,8,2006,"Caño Navarro, Coria del Rio, Sevilla",España,4,0,M. Vazquez,3,,,,,,,1466,1904,control 
A,AD29919,Acrocephalus scirpaceus,31,7,2001,"Agelo, Overijssel",Holanda,1,0,Extranjero,,,,,,,,,,Anillamiento
C,AD29919,Acrocephalus scirpaceus,24,10,2001,"El Alamillo, Sevilla",España,3,0,M. Vazquez,,,,,,,,85,1943,control 
A,AF57499,Acrocephalus scirpaceus,19,8,2002,"Elburg, Gelderland",Holanda,3,0,M. Vega,,,,,,,,,,Anillamiento
C,AF57499,Acrocephalus scirpaceus,10,8,2003,"Laguna del Gobierno, Lantejuela,Sevilla",España,4,0,Extranjero,,,,,,,,356,1885,control 
A,AG13008,Acrocephalus scirpaceus,28,7,2004,"Castricum, Noord Holland",Holanda,3,0,Extranjero,,,,,,,,,,Anillamiento
C,AG13008,Acrocephalus scirpaceus,24,8,2005,"Caño Navarro, Coria del Rio, Sevilla",España,4,0,M. Vazquez,6,65.5,15.6,,,,,392,1888,control 
A,AE40211,Acrocephalus scirpaceus,10,8,1999,"Vrhinika, Ljubljansko Barje, Slovenia",Eslovenia,3,0,Extranjero,,,,,,,,,,Anillamiento
C,AE40211,Acrocephalus scirpaceus,24,8,2003,"Laguna del Gobierno, Lantejuela,Sevilla",España,4,0,M. Vega,3,64,11.3,,,,,1475,1875,control 
A,2524255,Acrocephalus arundinaceus,29,8,1993,"Rio Blanco, Ecija, Sevilla",España,3,2,E. Gomez,,,,,,,,,,Anillamiento
C,2524255,Acrocephalus arundinaceus,24,4,1997,Ghadira,Malta,4,0,Extranjero,,,,,,,,1334,1734,control 
A,TA84159,Sylvia borin,30,8,2003,"Sudislavice, Praha",Republica Checa,4,0,Extranjero,,,,,,,,,,Anillamiento
C,TA84159,Sylvia borin,28,4,2004,"El Alamillo, Sevilla",España,4,0,M. Vazquez,,,,,,,,242,2156,control 
A,B902778,Sylvia borin,20,8,1994,"Lelystad, Houtrib Sluizen, Ijsselmeerpolders",Holanda,3,0,Extranjero,,,,,,,,,,Anillamiento
C,B902778,Sylvia borin,15,4,1997,"Dos Hermanas, Sevilla",España,2,0,M. Vazquez,,,,,,,,969,1912,control 
A,F127254,Sylvia atricapilla,2,10,1988,"Roerdomp, Noord Brabant",Holanda,4,2,Extranjero,,,,,,,,,,Anillamiento
C,F127254,Sylvia atricapilla,16,11,1988,"Coria del Rio, Sevilla",España,2,0,M. Vazquez,,,,,,,,46,1800,Cazado con percha
A,29V98698,Sylvia atricapilla,30,9,1988,"Clabecq, Brabant",Belgica,4,1,Extranjero,,,,,,,,,,Anillamiento
C,29V98698,Sylvia atricapilla,29,11,1988,"Sevilla, Sevilla",España,2,0,M. Vazquez,,,,,,,,59,1682,Muerta por un gato
A,3764737,Sylvia atricapilla,11,9,1990,"Grembergen, Oost Vlaanderen, Flandes Oriental",Belgica,3,1,Extranjero,,,,,,,,,,Anillamiento
C,3764738,Sylvia atricapilla,23,10,1993,"Castellar de la Frontera, Cadiz",España,2,0,M. Vazquez,,,,,,,,1138,1803,Cazada
A,7V4057,Sylvia atricapilla,17,7,1970,"Brasschaat, Antwerpen, Amberes",Belgica,4,1,Extranjero,,,,,,,,,,Anillamiento
C,7V4057,Sylvia atricapilla,15,1,2000,"Marchena, Sevilla",España,A,0,Zamalla,,,,,,,,10774,1733,Encontrada solo anilla con detector de metales
A,3427860,Sylvia atricapilla,30,7,1990,"Pirincen, Limburg",Belgica,3,0,Extranjero,,,,,,,,,,Anillamiento
C,3427860,Sylvia atricapilla,11,11,1990,"Cantera del Duende, El Rubio, Sevilla",España,3,0,M. Vazquez,,,,,,,,104,1702,control 
A,4483981,Sylvia atricapilla,2,9,1992,"Boitsfort, Brabant",Belgica,3,2,Extranjero,,,,,,,,,,Anillamiento
C,4483981,Sylvia atricapilla,27,12,1992,"Arroyo Gascon, Marchena, Sevilla",España,3,2,M. Vazquez,,,,,,,,116,1685,control 
A,4667722,Sylvia atricapilla,22,10,1992,"Zwin, West Vlaanderen, Flandes Occidental",Belgica,3,1,Extranjero,,,,,,,,,,Anillamiento
C,4667722,Sylvia atricapilla,29,11,1992,"Arroyo Gascon, Marchena, Sevilla",España,3,1,M. Vazquez,,,,,,,,38,1705,control 
A,5875357,Sylvia atricapilla,16,9,1996,"Meetkeerke, West Vlaanderen, Flandes Occidental",Belgica,3,1,Extranjero,,,,,,,,,,Anillamiento
C,5875357,Sylvia atricapilla,21,2,1999,"Arroyo Gascon, Marchena, Sevilla",España,4,1,M. Vazquez,,,,,,,,843,1821,control 
A,5954776,Sylvia atricapilla,10,10,1996,"Rijkevorsel, Antwerpen, Amberes",Belgica,3,1,Extranjero,,,,,,,,,,Anillamiento
C,5954776,Sylvia atricapilla,1,1,1999,"El Cuervo, Lebrija, Sevilla",España,4,0,M. Vazquez,,,,,,,,843,1821,Cazada
A,6115344,Sylvia atricapilla,15,9,1996,"Grembergen, Oost Vlaanderen, Flandes Oriental",Belgica,3,1,Extranjero,,,,,,,,,,Anillamiento
C,6115344,Sylvia atricapilla,1,1,1999,"El Cuervo, Lebrija, Sevilla",España,4,0,M. Vazquez,,,,,,,,838,1768,Cazada
A,6253862,Sylvia atricapilla,20,9,1997,"Pontaury, Namen, Namur",Belgica,2,2,Extranjero,,,,,,,,,,Anillamiento
C,6253862,Sylvia atricapilla,1,1,1999,"El Cuervo, Lebrija, Sevilla",España,4,0,M. Vazquez,,,,,,,,468,1722,Cazada
A,6506119,Sylvia atricapilla,25,9,1997,"Messelbroek, Brabant",Belgica,3,1,Extranjero,,,,,,,,,,Anillamiento
C,6506119,Sylvia atricapilla,16,11,1997,"Cantera del Duende, El Rubio, Sevilla",España,3,1,M. Vazquez,,,,,,,,52,1707,control 
A,6924546,Sylvia atricapilla,9,9,1999,"Hertsberge, West Vlaanderen, Flandes Occidental",Belgica,3,2,Extranjero,,,,,,,,,,Anillamiento
C,6924546,Sylvia atricapilla,1,11,1999,"El Alamillo, Sevilla",España,3,2,M. Vazquez,,,,,,,,53,1688,control 
A,7013900,Sylvia atricapilla,4,9,1999,"ST Laurenis, Oost Vlaanderen, Flandes",Belgica,3,2,Extranjero,,,,,,,,,,Anillamiento
C,7013900,Sylvia atricapilla,4,1,2000,"Laguna de Medina, Jerez de la Frontera, Cadiz",España,5,2,Zamalla,,,,,,,,122,1789,control 
A,7124164,Sylvia atricapilla,20,9,2000,"Cerexhe, Heuseux, Luik Lieja",Belgica,3,1,Extranjero,,,,,,,,,,Anillamiento
C,7124164,Sylvia atricapilla,12,11,2000,"El Alamillo, Sevilla",España,3,1,M. Vazquez,,,,,,,,53,1739,control 
A,8650459,Sylvia atricapilla,9,9,2003,"Grembergen, Oost Vlaanderen, Flandes Oriental",Belgica,3,2,Extranjero,,,,,,,,,,Anillamiento
C,8650459,Sylvia atricapilla,18,12,2004,"Arroyo Gascon, Marchena, Sevilla",España,4,2,M. Vazquez,,,,,,,,466,1688,control 
A,L044195,Sylvia atricapilla,4,10,1996,"Torrecuadros, Hinojos, Huelva",España,3,1,M. Vazquez,,,,,,,,,,Anillamiento
C,L044195,Sylvia atricapilla,3,5,1997,"Aschaffenburg, Unterfranken",Alemania,2,0,Extranjero,,,,,,,,211,1876,Encontrado muerto
A,L450270,Sylvia atricapilla,9,11,2000,"El Alamillo, Sevilla",España,3,2,M. Vazquez,,,,,,,,,,Anillamiento
C,L450270,Sylvia atricapilla,9,4,2004,"Awirs, Luik, Lieja",Belgica,4,2,Extranjero,,,,,,,,1274,1722,control 
A,2286630,Sylvia atricapilla,16,11,1990,"Casa Neves, Aznalcazar, Sevilla",España,2,2,M. Vazquez,,,,,,,,,,Anillamiento
C,2286630,Sylvia atricapilla,24,4,1991,"Chevrense, Sena, Paris",Francia,2,0,Extranjero,,,,,,,,163,1433,Encontrado muerto
A,2550519,Sylvia atricapilla,3,12,1996,"Valle de Hecho, Huesca",España,2,2,Zamalla,,,,,,,,,,Anillamiento
C,2550519,Sylvia atricapilla,30,3,1998,"Salleboeuf, Gironde",Francia,2,0,Extranjero,,,,,,,,482,235,Encontrado muerto
A,2A050667,Sylvia atricapilla,28,3,2004,"El Alamillo, Sevilla",España,4,1,M. Vazquez,,,,,,,,,,Anillamiento
C,2A050667,Sylvia atricapilla,19,4,2004,"Weybourne, Norfolk",Gran Bretaña,4,1,BTO,,72,,,,,,22,1813,control 
A,2A082663,Sylvia atricapilla,3,2,2005,"El Hampa, Coria del Rio, Sevilla",España,5,1,M. Vazquez,,,,,,,,,,Anillamiento
C,2A082663,Sylvia atricapilla,6,4,2005,"Welton, Humberside",Gran Bretaña,2,0,BTO,,,,,,,,62,1876,Colision contra cristales
A,3862150,Sylvia atricapilla,6,9,1992,"Reserve la Maziere, Villeton, Lot et Garonne",Francia,3,2,Extranjero,,,,,,,,,,Anillamiento
C,3862150,Sylvia atricapilla,2,2,1995,"Rio Blanco, Ecija, Sevilla",España,2,0,LEO BIAGGI,,,,,,,,879,893,Encontrado muerto
A,4045343,Sylvia atricapilla,12,7,2001,"Oncy Sur Ecole, Essonne",Francia,3,0,Extranjero,,,,,,,,,,Anillamiento
C,4045343,Sylvia atricapilla,20,3,2004,"El Alamillo, Sevilla",España,4,0,M. Vazquez,,,,,,,,982,1398,control 
A,BC59550,Sylvia atricapilla,25,9,2005,"Villeton, Lot et Garonne",Francia,3,1,Extranjero,,,,,,,,,,Anillamiento
C,BC59550,Sylvia atricapilla,5,11,2006,"Coria del Rio, Sevilla",España,4,1,M. Vazquez,1,,,,,,,406,947,control 
A,F220001,Sylvia atricapilla,18,6,1989,"West Stafford, Dorset",Gran Bretaña,3,2,Extranjero,,,,,,,,,,Anillamiento
C,F220001,Sylvia atricapilla,18,4,1993,"Lora del Rio, Sevilla",España,4,2,M. Vazquez,,,,,,,,1400,1471,control 
A,J263585,Sylvia atricapilla,2,9,1993,"Wales Farm, Plumptom Sussex, West & East",Gran Bretaña,4,2,Extranjero,,,,,,,,,,Anillamiento
C,J263585,Sylvia atricapilla,20,10,1993,"Isla Redonda, Ecija, Sevilla",España,2,0,M. Vazquez,,,,,,,,48,1800,Cazada
A,N822451,Sylvia atricapilla,4,10,1998,"Walton in Gordano, Avon",Gran Bretaña,3,1,Extranjero,,,,,,,,,,Anillamiento
C,N822451,Sylvia atricapilla,21,3,1999,"Utrera, Sevilla",España,4,0,M. Vazquez,,,,,,,,168,1604,control 
A,K896341,Sylvia atricapilla,5,9,1999,"Watlington Hilol, Oxford",Gran Bretaña,4,2,Extranjero,,,,,,,,,,Anillamiento
C,K896341,Sylvia atricapilla,1,2,2002,"Torrecuadros, Hinojos, Huelva",España,4,2,M. Vazquez,,,,,,,,880,1663,control 
A,T722115,Sylvia atricapilla,3,10,2006,"Cissbury Ring, Worthing, Sussex West & East",Gran Bretaña,3,1,Extranjero,,74,18.7,,,,,,,Anillamiento
C,T722115,Sylvia atricapilla,19,11,2006,"Palomares del Rio, Sevilla",España,2,0,M. Vazquez,,,,,,,,47,1573,Cazada
A,AB67417,Sylvia atricapilla,5,9,2000,"Leerdam, Zuid Holland",Holanda,3,1,Extranjero,,,,,,,,,,Anillamiento
C,AB67417,Sylvia atricapilla,24,10,2000,"El Alamillo, Sevilla",España,3,1,M. Vazquez,,,,,,,,49,1829,control 
A,V036830,Sylvia atricapilla,1,10,2000,"Haarlem, Vinkenbaan Van Lennep, Noord Holland",Holanda,3,0,Extranjero,,,,,,,,,,Anillamiento
C,V036830,Sylvia atricapilla,2,11,2000,"El Alamillo, Sevilla",España,3,0,M. Vazquez,,,,,,,,32,1859,control 
A,V090497,Sylvia atricapilla,29,9,2002,"Leuth, Gederland",Holanda,3,1,Extranjero,,,,,,,,,,Anillamiento
C,V090497,Sylvia atricapilla,21,1,2003,"Laguna del Gobierno, Lantejuela,Sevilla",España,5,1,Zamalla,,,,,,,,114,1832,control 
A,L174172,Sylvia communis,18,9,1998,"Calera de Leon, Badajoz",España,3,0,Zamalla,,,,,,,,,,Anillamiento
C,L174172,Sylvia communis,12,11,2001,Chefchaouen,Marruecos,2,0,Particular,,,,,,,,1151,339,Encontrado muerto
A,L343411,Sylvia communis,6,9,2000,"Valdelarco, Huelva",España,4,0,Zamalla,,,,,,,,,,Anillamiento
C,L343411,Sylvia communis,29,5,2001,"Alnif, Er Rachidia",Marruecos,2,0,Particular,,,,,,,,265,696,Cazada
A,2750996,Cercotrichas galactotes,20,8,1997,"El Alcornocal, Los Palacios, Sevilla",España,3,0,M. Vazquez,,,,,,,,,,Anillamiento
C,2750996,Cercotrichas galactotes,24,4,2001,Imilchil,Marruecos,2,0,Particular,,,,,,,,1343,560,Encontrado muerto
A,223175,Phylloscopus trochilus,3,9,1997,"El Alcornocal, Los Palacios, Sevilla",España,4,1,M. Vazquez,,,,,,,,,,Anillamiento
C,223175,Phylloscopus trochilus,13,5,1999,"Karrebakstorp, Naestved, Sjaelland",Dinamarca,2,0,Particular,,,,,,,,617,2415,Capturada por un gato
A,F30166,Phylloscopus trochilus,5,5,2001,"Drienovec, Kosice, Eslovaquia",Republica Checa,4,1,Extranjero,,,,,,,,,,Anillamiento
C,F30166,Phylloscopus trochilus,31,8,2001,"Calera de Leon, Badajoz",España,4,0,M. Vazquez,,,,,,,,118,2478,control cambio anilla AC4162
A,1H08422,Phylloscopus trochilus,8,8,2000,"Blixoya, Valer, Ostfold",Noruega,5,0,Extranjero,,,,,,,,,,Anillamiento
C,1H08422,Phylloscopus trochilus,4,9,2000,"Las Teatinas, Palomares del Rio, Sevilla",España,4,0,M. Vazquez,,,,,,,,27,2734,control 
A,498669,Phylloscopus collybita,3,8,1984,"Blagdoon, Rervoir, Congresbury Avon",Gran Bretaña,2,0,Extranjero,,,,,,,,,,Anillamiento
C,498669,Phylloscopus collybita,19,1,1986,"Torreblanca, Sevilla",España,2,0,M. Vazquez,,,,,,,,,,Cazada
A,2059584,Sylvia atricapilla,5,3,1987,"Gerena, Sevilla",España,5,1,LEO BIAGGI,,,,,,,,,,Anillamiento
C,2059584,Sylvia atricapilla,16,11,1987,"Bassussary, Pirineos Orientales",Francia,2,0,Extranjero,,,,,,,,251,768,Encontrado muerto
A,2219946,Sylvia atricapilla,10,3,1988,"Gerena, Sevilla",España,4,1,LEO BIAGGI,,,,,,,,,,Anillamiento
C,2219946,Sylvia atricapilla,30,3,1989,Horsham,Gran Bretaña,2,0,Extranjero,,,,,,,,385,1576,Colision con cristales
A,2220889,Sylvia atricapilla,12,2,1988,"Casa Neves, Aznalcazar, Sevilla",España,5,1,Extranjero,,,,,,,,,,Anillamiento
C,2220889,Sylvia atricapilla,9,6,1990,"St Leger, Les Vignes, Loire Atlantico",Francia,2,0,M. Vazquez,,,,,,,,874,1154,Atropellado
A,2220849,Phoenicurus ochruros,26,12,1988,"Casa Neves, Aznalcazar, Sevilla",España,3,1,M. Vazquez,,,,,,,,,,Anillamiento
C,2220849,Phoenicurus ochruros,5,11,1992,"Finsterwald, Oberbayern",Alemania,2,0,Extranjero,,,,,,,,1410,1857,Cazada
A,2J9861,Phylloscopus collybita,22,9,1987,"Herne, Brabant",Belgica,3,0,Extranjero,,,,,,,,,,Anillamiento
C,2J9861,Phylloscopus collybita,9,1,1988,"Puñanilla, Puebla del Rio, Sevilla",España,5,0,M. Vazquez,,,,,,,,,,control 
A,JN7017,Phylloscopus collybita,21,6,1993,"Sommiere, Namen, Namur",Belgica,4,0,Extranjero,,,,,,,,,,Anillamiento
C,JN7017,Phylloscopus collybita,15,1,1995,"Dos Hermanas, Sevilla",España,2,0,M. Vazquez,,,,,,,,573,1684,Encontrado muerto
A,SC1485,Phylloscopus collybita,9,9,2001,"Grembergen, Oost Vlaanderen, Flandes",Belgica,3,0,Extranjero,,,,,,,,,,Anillamiento
C,SC1485,Phylloscopus collybita,28,10,2001,"El Alamillo, Sevilla",España,3,0,M. Vazquez,,,,,,,,49,1713,control 
A,SE0286,Phylloscopus collybita,20,8,2001,"Malmedy, Luik, Lieja",Belgica,3,0,Extranjero,,,,,,,,,,Anillamiento
C,SE0286,Phylloscopus collybita,16,11,2001,"Palomares del Rio, Sevilla",España,3,0,M. Vazquez,,,,,,,,88,1735,control 
A,SM1650,Phylloscopus collybita,2,10,2002,"Beverce, Luik, Lieja",Belgica,2,0,Extranjero,,,,,,,,,,Anillamiento
C,SM1650,Phylloscopus collybita,14,3,2004,"Laguna del Gobierno, Lantejuela,Sevilla",España,2,0,M. Vazquez,,,,,,,,529,1708,control 
A,UK1309,Phylloscopus collybita,20,9,1996,"Rijkevorsel, Antwerpen, Amberes",Belgica,2,0,Extranjero,,,,,,,,,,Anillamiento
C,UK1309,Phylloscopus collybita,22,11,1996,"Puebla del Rio, Sevilla",España,2,0,M. Vazquez,,,,,,,,63,1782,control 
A,UN7289,Phylloscopus collybita,4,7,1998,"Korbeek Lo, Brabant",Belgica,3,0,Extranjero,,,,,,,,,,Anillamiento
C,UN7289,Phylloscopus collybita,10,11,1998,"Palomares del Rio, Sevilla",España,3,0,M. Vazquez,,,,,,,,129,1730,control 
A,612775,Phylloscopus collybita,8,11,1995,"El Alamillo, Sevilla",España,2,0,M. Vazquez,,,,,,,,,,Anillamiento
C,612776,Phylloscopus collybita,16,6,1996,"Ridderkerk, Dolfjnpark, Zuid",Holanda,2,0,Extranjero,,,,,,,,221,1809,Atropellado
A,943428,Phylloscopus collybita,7,3,1999,"Laguna del Gobierno, Lantejuela,Sevilla",España,4,0,M. Vazquez,,,,,,,,,,Anillamiento
C,943428,Phylloscopus collybita,7,4,2000,"Hauconcourt, Moselle",Francia,4,0,CRBPO,,,,,,,,397,1605,control 
A,AA8561,Phylloscopus collybita,8,11,1998,"La Estrella, Palomares del Rio, Sevilla",España,2,0,M. Vazquez,,,,,,,,,,Anillamiento
C,AA8561,Phylloscopus collybita,20,4,2000,"Bostrup, Spodsbjerg, Fyn",Dinamarca,2,0,Particular,,,,,,,,529,2347,Atropellado
A,AK1767,Phylloscopus collybita,21,11,2000,"Alcala de Guadaira, Sevilla",España,2,0,M. Vazquez,,,,,,,,,,Anillamiento
C,AK1767,Phylloscopus collybita,22,10,2002,"Wetteren, Oost Vlaanderen, Flandes ",Belgica,2,0,BRUXELLES,,,,,,,,700,1705,control 
A,AK2969,Phylloscopus collybita,22,2,2002,"San Pablo, Sevilla",España,4,0,M. Vazquez,,,,,,,,,,Anillamiento
C,AK2969,Phylloscopus collybita,25,5,2002,"Huntingdon, Cambridge, Huntingdom",Gran Bretaña,4,0,BTO,,,,,,,,92,1719,control 
A,BU3441,Phylloscopus collybita,9,11,2003,"Laguna del Gobierno, Lantejuela,Sevilla",España,3,0,Zamalla,,,,,,,,,,Anillamiento
C,BU3441,Phylloscopus collybita,9,10,2004,"Saeftinghe, Sieperdaschor, Zeeland",Holanda,4,0,ARNHEM,,,,,,,,335,1724,control 
A,CJ1501,Phylloscopus collybita,29,3,2004,"El Alamillo, Sevilla",España,4,0,M. Vazquez,,,,,,,,,,Anillamiento
C,CJ1501,Phylloscopus collybita,4,4,2004,"Eemshaven, Groningen",Holanda,4,0,Particular,,,,,,,,6,2037,control 
A,CR0723,Phylloscopus collybita,31,10,2004,"Laguna del Gobierno, Lantejuela,Sevilla",España,2,0,M. Vazquez,,,,,,,,,,Anillamiento
C,CR0723,Phylloscopus collybita,10,5,2005,Aïn Jemaa,Marruecos,2,0,Particular,,,,,,,,191,374,control 
A,PH9546,Phylloscopus collybita,10,8,1995,"Saint Mars La Briere, Sarthe",Francia,4,2,Extranjero,,,,,,,,,,Anillamiento
C,PH9546,Phylloscopus collybita,13,1,1996,"La Marmoleja, Puebla del Rio, Sevilla",España,4,0,M. Vazquez,,,,,,,,156,1304,control 
A,7D7681,Phylloscopus collybita,20,8,1998,"Barton Turf, Stalhan, Norfolk",Gran Bretaña,3,0,Extranjero,,,,,,,,,,Anillamiento
C,7D7681,Phylloscopus collybita,14,11,1998,"El Alamillo, Sevilla",España,3,0,M. Vazquez,,,,,,,,86,1802,control 
A,OU1334,Phylloscopus collybita,29,9,2000,"Sandwich Bay Estate, Kent",Gran Bretaña,2,0,Extranjero,,,,,,,,,,Anillamiento
C,OU1334,Phylloscopus collybita,25,11,2001,"Laguna del Gobierno, Lantejuela,Sevilla",España,4,0,M. Vazquez,,,,,,,,422,1576,control 
A,AEL462,Phylloscopus collybita,24,9,2003,"Sandwich Bay Estate, Kent",Gran Bretaña,3,0,Extranjero,,,,,,,,,,Anillamiento
C,AEL462,Phylloscopus collybita,7,11,2004,"Laguna del Gobierno, Lantejuela,Sevilla",España,4,0,M. Vazquez,,61,7.4,,,,,410,1631,control 
A,L447793,Phoenicurus ochruros,25,11,2001,"Palomares del Rio, Sevilla",España,2,0,M. Vazquez,,,,,,,,,,Anillamiento
C,L447793,Phoenicurus ochruros,25,7,2003,"Blainville Sur L´Eau, Meurthe et Moselle",Francia,2,0,CRBPO,,,,,,,,607,1605,Encontrada la pata con la anilla
A,9K84426,Luscinia svecica,29,7,1996,"Rieselfelder, DFFM Munster",Alemania,2,1,Extranjero,,,,,,,,,,Anillamiento
C,9K84426,Luscinia svecica,2,11,1999,"La Marmoleja, Puebla del Rio, Sevilla",España,6,1,M. Vazquez,,,,,,,,1191,1960,control 
A,5149298,Luscinia svecica,20,7,1994,"Melsele, Oost Vlaanderen, Flandes Oriental",Belgica,3,0,Extranjero,,,,,,,,,,Anillamiento
C,5149298,Luscinia svecica,13,1,1996,"La Marmoleja, Puebla del Rio, Sevilla",España,7,2,M. Vazquez,,,,,,,,542,1751,control 
C,5149298,Luscinia svecica,1,3,1997,"La Marmoleja, Puebla del Rio, Sevilla",España,9,2,M. Vazquez,,,,,,,,954,1751,control 
A,5935059,Luscinia svecica,21,7,1996,"Averbode, Brabant",Belgica,3,0,Extranjero,,,,,,,,,,Anillamiento
C,5935059,Luscinia svecica,17,11,1997,"La Marmoleja, Puebla del Rio, Sevilla",España,4,0,M. Vazquez,,,,,,,,484,1761,control 
A,6442053,Luscinia svecica,3,9,1997,"Assenede, Oost Vlaanderen, Flandes Oriental",Belgica,3,1,Extranjero,,,,,,,,,,Anillamiento
C,6442053,Luscinia svecica,26,1,1998,"La Marmoleja, Puebla del Rio, Sevilla",España,5,1,M. Vazquez,,,,,,,,145,1734,control 
A,8525141,Luscinia svecica,17,8,2003,"Veurne, West Vlaanderen, Flandes",Belgica,3,1,Extranjero,,,,,,,,,,Anillamiento
C,8525141,Luscinia svecica,14,10,2003,"Vejer de la Frontera, Cadiz",España,3,1,M. Vazquez,,,,,,,,58,1781,control 
A,L110210,Luscinia svecica,7,12,1999,"Brazo del Este, Puebla del Rio, Sevilla",España,4,2,Zamalla,,,,,,,,,,Anillamiento
C,L110210,Luscinia svecica,24,8,2000,"Saint Vigor D´Ymonville, Seine Maritime",Francia,4,2,Extranjero,,,,,,,,261,1454,control 
A,L240620,Luscinia svecica,3,1,1999,"Laguna del Gobierno, Lantejuela,Sevilla",España,5,1,Zamalla,,,,,,,,,,Anillamiento
C,L240620,Luscinia svecica,8,5,2001,"Mokkeban, Laaxum, Friesland",Holanda,4,1,Extranjero,,,,,,,,856,1909,control 
A,3284439,Luscinia svecica,22,8,1996,"Chenac, Saint Seurin D´Uzet, Charente Maritime",Francia,2,1,Extranjero,,,,,,,,,,Anillamiento
C,3284439,Luscinia svecica,26,1,1998,"La Marmoleja, Puebla del Rio, Sevilla",España,4,1,M. Vazquez,,,,,,,,522,1012,control 
C,3284439,Luscinia svecica,5,10,1999,"La Marmoleja, Puebla del Rio, Sevilla",España,4,1,M. Vazquez,,,,,,,,1139,1012,control 
A,5019843,Luscinia svecica,1,9,2004,"Citerne Nord, Floirac, Charente Maritime",Francia,4,1,Extranjero,,,,,,,,,,Anillamiento
C,5019843,Luscinia svecica,30,9,2005,"Caño Navarro, Coria del Rio, Sevilla",España,4,1,M. Vazquez,,,,,,,,394,1011,control 
A,F901728,Luscinia svecica,3,7,1997,"Ballum, Hollum, Ameland",Holanda,4,1,Extranjero,,,,,,,,,,Anillamiento
C,F901728,Luscinia svecica,9,2,1998,"La Marmoleja, Puebla del Rio, Sevilla",España,4,1,M. Vazquez,,,,,,,,221,2012,control 
A,A979315,Erithacus rubecula,20,9,1998,"Voslapper Groden, Weser Ems, Excep Islas",Alemania,4,0,Extranjero,,,,,,,,,,Anillamiento
C,A979315,Erithacus rubecula,24,1,1999,"Refugio de las Serpientes, Estepa, Sevilla",España,4,0,M. Vazquez,,,,,,,,126,2070,control 
A,6789630,Erithacus rubecula,24,9,1998,"Oud Turnhout, Antwerpen, Amberes",Belgica,2,0,Extranjero,,,,,,,,,,Anillamiento
C,6789630,Erithacus rubecula,27,11,1998,"El Alamillo, Sevilla",España,2,0,M. Vazquez,,,,,,,,64,1771,control 
A,K624535,Erithacus rubecula,28,9,1994,"Castione Della Presolana, Bergamo",Italia,4,0,Extranjero,,,,,,,,,,Anillamiento
C,K624535,Erithacus rubecula,11,11,1995,"El Cuervo, Lebrija, Sevilla",España,2,0,Zamalla,,,,,,,,409,1676,Cazada
A,3064312,Turdus merula,3,12,1996,"Valle de Hecho, Huesca",España,2,2,Extranjero,,,,,,,,,,Anillamiento
C,3064312,Turdus merula,25,12,1998,"Lure, Roye, Haute Saone",Francia,2,0,Zamalla,,,,,,,,752,820,Encontrado muerto
A,3090328,Turdus merula,12,12,1997,"El Alamillo, Sevilla",España,3,2,Extranjero,,,,,,,,,,Anillamiento
C,3090328,Turdus merula,13,4,1998,"Rimont, Ariege",Francia,2,0,Zamalla,,,,,,,,122,1574,Capturada por buho o rapaz
A,P464837,Turdus iliacus,10,10,1989,"Lagskar, Lemland Ahvenanmaa, Aland",Finlandia,4,0,Extranjero,,,,,,,,,,Anillamiento
C,P464837,Turdus iliacus,15,12,1990,"Badajoz, Badajoz",España,4,0,M. Vazquez,,,,,,,,430,2995,Cazado con escopeta
A,3X20438,Turdus iliacus,11,10,1976,"Zulte, Oost Vlaanderen, Flandes Oriental",Belgica,2,0,Extranjero,,,,,,,,,,Anillamiento
C,3X20438,Turdus iliacus,25,11,1977,"Constantina, Sevilla",España,2,0,M. Vazquez,,,,,,,,410,1612,Cazado con escopeta
A,3X24067,Turdus iliacus,21,11,1976,"Zulte, Oost Vlaanderen, Flandes Oriental",Belgica,2,0,Extranjero,,,,,,,,,,Anillamiento
C,3X24067,Turdus iliacus,31,12,1977,"Constantina, Sevilla",España,2,0,M. Vazquez,,,,,,,,405,1612,Cazado con escopeta
A,13Z8467,Turdus iliacus,1,11,1983,"Retie, Antwerpen, Amberes",Belgica,2,0,Extranjero,,,,,,,,,,Anillamiento
C,13Z8467,Turdus iliacus,15,12,1989,"El Viso del Alcor, Sevilla",España,2,0,M. Vazquez,,,,,,,,2236,1759,Cazado con escopeta
A,P285721,Turdus iliacus,13,6,1972,"Karkkila, Uusimaa, Nyland",Finlandia,2,1,Extranjero,,,,,,,,,,Anillamiento
C,P285721,Turdus iliacus,7,1,1974,"Finca Campanilla, Constantina, Sevilla",España,2,0,M. Vazquez,,,,,,,,573,3264,Cazado con escopeta
A,P429282,Turdus iliacus,29,6,1987,"Yjapa, Hame, Tavastehus",Finlandia,1,0,Extranjero,,,,,,,,,,Anillamiento
C,P429282,Turdus iliacus,23,11,1999,"Constantina, Sevilla",España,2,0,M. Vazquez,,,,,,,,4530,3242,Cazado con escopeta fecha carta
A,NA063066,Turdus philomelos,2,7,1997,"Falkensee, Postdam",Alemania,5,2,Extranjero,,,,,,,,,,Anillamiento
C,NA063066,Turdus philomelos,30,1,1999,"Marchena, Sevilla",España,2,0,M. Vazquez,,,,,,,,577,2219,Cazado con escopeta
A,NA092953,Turdus philomelos,9,8,2003,"Reifenstein, Sachsen & Thuringen",Alemania,3,0,Extranjero,,,,,,,,,,Anillamiento
C,NA092953,Turdus philomelos,7,12,2003,"Herrera del Duque, Badajoz",España,3,0,M. Vazquez,,,,,,,,120,1796,Cazado con escopeta
A,16Z39840,Turdus philomelos,2,10,1996,"Awirs, Luik, Lieja",Belgica,3,0,Extranjero,,,,,,,,,,Anillamiento
C,16Z39840,Turdus philomelos,15,1,1999,"Guadalcanal, Sevilla",España,2,0,M. Vazquez,,,,,,,,835,1646,Cazado con escopeta
A,19Z16266,Turdus philomelos,1,10,2002,"Brecht, Antwerpen, Amberes",Belgica,3,0,Extranjero,,,,,,,,,,Anillamiento
C,19Z16266,Turdus philomelos,7,2,2003,"Olvera de la Sierra, Cadiz",España,2,0,M. Vazquez,,,,,,,,129,1782,Cazado con escopeta
A,8911871,Turdus philomelos,23,9,1992,"Christianso, Ertholmene, Bornholm",Dinamarca,3,0,Extranjero,,,,,,,,,,Anillamiento
C,8911871,Turdus philomelos,23,11,1999,"Constantina, Sevilla",España,2,0,M. Vazquez,,,,,,,,2617,2483,Cazado con escopeta fecha carta
A,8A08324,Turdus philomelos,17,10,2005,"Hanstholm, Jylland",Dinamarca,3,0,Extranjero,,,,,,,,,,Anillamiento
C,8A08324,Turdus philomelos,15,12,2005,"Dehesa de Abajo, Puebla del Rio, Sevilla",España,3,0,M. Vazquez,,,,,,,,59,2476,Cazado con escopeta
A,3090351,Turdus philomelos,1,1,1998,"El Alamillo, Sevilla",España,5,0,M. Vazquez,,,,,,,,,,Anillamiento
C,3090351,Turdus philomelos,15,6,2000,"Svanholm Estate, Skibby, Sjaelland",Dinamarca,4,0,Particular,,,,,,,,896,2443,Atropellado
A,GC44024,Turdus philomelos,20,10,1973,"Arzon, Morbihan",Francia,3,0,Extranjero,,,,,,,,,,Anillamiento
C,GC44024,Turdus philomelos,1,7,1977,"Constantina, Sevilla",España,2,0,M. Vazquez,,,,,,,,1350,1098,Cazado con escopeta fecha carta
A,P533198,Turdus philomelos,21,9,2003,"Jurmo, Hame, Tavastehus",Finlandia,3,0,Extranjero,,,,,,,,,,Anillamiento
C,P533198,Turdus philomelos,7,12,2003,"Malpartida de Plasencia, Caceres",España,2,0,M. Vazquez,,,,,,,,77,2926,Cazado con escopeta
A,T049835,Turdus philomelos,4,6,1990,Girionys,Lituania,1,0,Extranjero,,,,,,,,,,Anillamiento
C,T049835,Turdus philomelos,15,12,1991,"El Viso del Alcor, Sevilla",España,3,0,M. Vazquez,,,,,,,,559,2970,Cazado con escopeta
A,KV01761,Turdus philomelos,4,10,1999,"Ventes Ragas, Silute",Lituania,3,0,Extranjero,,,,,,,,,,Anillamiento
C,KV01761,Turdus philomelos,18,12,2000,"Hinojos, Huelva",España,2,0,M. Vazquez,,,,,,,,441,2883,Cazado con escopeta
A,4425202,Turdus philomelos,1,10,1998,"Faro de Falsterbo, Malmohus",Suecia,3,0,Extranjero,,,,,,,,,,Anillamiento
C,4425202,Turdus philomelos,20,11,1998,"Gerena, Sevilla",España,3,0,M. Vazquez,,,,,,,,50,2442,Cazado con escopeta
A,191338,Remiz pendulinus,3,12,1987,"Vuelta El Cojo, Puebla del Rio, Sevilla",España,3,2,M. Vazquez,,,,,,,,,,Anillamiento
C,191338,Remiz pendulinus,2,9,1989,"Semlim, Rathenow, Postdam",Alemania,4,2,Extranjero,,,,,,,,639,2389,control
A,VT56739,Fringilla coelebs,9,9,2005,"Ventes Ragas, Silute",Lituania,3,2,Zamalla,,,,,,,,,,Anillamiento
C,VT56739,Fringilla coelebs,12,3,2006,"Laguna del Gobierno, Lantejuela,Sevilla",España,4,2,Extranjero,,,,,,,,184,2815,control
A,E626836,Fringilla montifringilla,5,10,1986,"Lanenen, Berna",Suiza,3,2,Extranjero,,,,,,,,,,Anillamiento
C,E626836,Fringilla montifringilla,20,11,1987,"Rio Viejo, Coria del Rio, Sevilla",España,4,2,M. Vazquez,,,,,,,,410,1498,Cazada con red de tiro no se libera
A,25V53778,Carduelis chloris,2,5,1986,"Herve, Lieja",Belgica,2,1,Extranjero,,,,,,,,,,Anillamiento
C,25V53778,Carduelis chloris,15,1,1987,"Los Palacios, Sevilla",España,1,0,M. Vazquez,,,,,,,,258,1765,Cazada con red de tiro no se libera
A,32V18367,Carduelis chloris,23,4,1990,"Awirs, Luik, Lieja",Belgica,5,1,Extranjero,,,,,,,,,,Anillamiento
C,32V18367,Carduelis chloris,3,11,1990,"El Campanario, Aznalcollar, Sevilla",España,2,0,M. Vazquez,,,,,,,,,,Cazada con red de tiro no se libera
A,2348507,Carduelis cannabina,10,10,1986,"Merksplas, Antwerpen, Amberes",Belgica,6,1,Extranjero,,,,,,,,,,Anillamiento
C,2348507,Carduelis cannabina,12,11,1986,"Lora del Rio, Sevilla",España,2,0,M. Vazquez,,,,,,,,32,1730,Cazada
A,2347511,Carduelis cannabina,4,10,1986,"Merksplas, Antwerpen, Amberes",Belgica,6,2,Extranjero,,,,,,,,,,Anillamiento
C,2347511,Carduelis cannabina,25,11,1986,"Cortijo Atalaya, Puebla del Rio, Sevilla",España,2,0,M. Vazquez,,,,,,,,51,1789,Cazada
A,7981170,Carduelis cannabina,23,9,2002,"Kasterlee, Antwerpen, Amberes",Belgica,2,2,Extranjero,,,,,,,,,,Anillamiento
C,7981170,Carduelis cannabina,15,12,2002,"Alcala de Guadaira, Sevilla",España,2,0,M. Vazquez,,,,,,,,83,1768,Cazada
A,2969854,Carduelis spinus,30,10,1996,"Hoeilaart, Brabant",Belgica,3,1,Extranjero,,,,,,,,,,Anillamiento
C,2969854,Carduelis spinus,28,2,1998,"Pilas, Sevilla",España,4,1,M. Vazquez,,,,,,,,486,1722,control
A,927168,Carduelis spinus,17,1,1998,"Pilas, Sevilla",España,4,1,M. Vazquez,,,,,,,,,,Anillamiento
C,927168,Carduelis spinus,12,5,1999,"Vakkila, Huittinene Turku-Pori, Abo-Bjorneborg",Finlandia,2,0,Extranjero,,,,,,,,480,3331,Encontrado muerto
A,927281,Carduelis spinus,24,1,1998,"Pilas, Sevilla",España,4,1,M. Vazquez,,,,,,,,,,Anillamiento
C,927281,Carduelis spinus,1,4,2002,"Plauen, Sachsen Anhalt",Alemania,2,0,Extranjero,,,,,,,,1528,2067,Encontrado muerto
A,927327,Carduelis spinus,24,1,1998,"Pilas, Sevilla",España,4,1,M. Vazquez,,,,,,,,,,Anillamiento
C,927327,Carduelis spinus,15,3,1999,"Hamilton, Strathclyde Region",Gran Bretaña,4,1,Extranjero,,,,,,,,415,2059,control
A,927766,Carduelis spinus,28,2,1998,"Pilas, Sevilla",España,6,1,M. Vazquez,,,,,,,,,,Anillamiento
C,927766,Carduelis spinus,23,10,1998,"Stomorska, Isaland Solta, Hrvatsku",Croacia,2,0,Extranjero,,,,,,,,237,2027,Capturada para enjaular
A,LF7183,Carduelis spinus,19,9,1996,"Neringos Stac., Kursiv Nerija",Lituania,3,1,Extranjero,,,,,,,,,,Anillamiento
C,LF7183,Carduelis spinus,15,1,1998,"Moguer, Huelva",España,2,0,M. Vazquez,,,,,,,,483,2912,Cazada
A,H735093,Carduelis spinus,27,9,1997,"Rinnleiret, Nord Trondelag",Noruega,3,1,Extranjero,,,,,,,,,,Anillamiento
C,H735093,Carduelis spinus,24,1,1998,"Pilas, Sevilla",España,5,1,M. Vazquez,,,,,,,,119,3173,control
A,XC917514,Carduelis spinus,31,8,1995,"Gumbaritsy, Leningrado",Rusia,3,1,Extranjero,,,,,,,,,,Anillamiento
C,XC917514,Carduelis spinus,24,1,1998,"Pilas, Sevilla",España,4,1,M. Vazquez,,,,,,,,877,3802,control
A,BJ74350,Carduelis spinus,5,5,1997,"Mockebo, Oskarshamn, Kalmar",Suecia,5,2,Extranjero,,,,,,,,,,Anillamiento
C,BJ74350,Carduelis spinus,24,1,1998,"Pilas, Sevilla",España,4,2,M. Vazquez,,,,,,,,264,2780,control
A,A816592,Carduelis spinus,13,10,1996,"Col de Jaman, Vaud",Suiza,3,1,Extranjero,,,,,,,,,,Anillamiento
C,A816592,Carduelis spinus,28,2,1998,"Pilas, Sevilla",España,4,1,M. Vazquez,,,,,,,,503,1491,control
A,B031074,Carduelis spinus,29,9,2001,"Col de Jaman, Vaud",Suiza,3,2,Extranjero,,,,,,,,,,Anillamiento
C,B031074,Carduelis spinus,12,12,2001,"Aracena, Huelva",España,3,2,M. Vazquez,,,,,,,,74,1461,control
A,CT1366,Emberiza schoeniclus,29,9,1990,"Kauerlacher, Weiher Bei Karm, Mittelfranken",Alemania,4,1,Radolfzell,,,,,,,,,,Anillamiento
C,CT1366,Emberiza schoeniclus,16,12,1990,"Lucio Poco abrigo, Puebla del Rio, Sevilla",España,4,1,M. Vazquez,,,,,,,,77,1932,control
A,L796763,Emberiza schoeniclus,2,11,2003,"Laguna del Gobierno, Lantejuela,Sevilla",España,3,0,M. Vazquez,,,,,,,,,,Anillamiento
C,L796763,Emberiza schoeniclus,18,10,2006,"Payerne, Vaud",Suiza,4,0,Sempach,,,,,,,,1081,1449,control
A,SA782570,Emberiza schoeniclus,24,1,1988,"Etang de Lanet, Pirineos Orientales",Francia,2,1,Extranjero,,,,,,,,,,Anillamiento
C,SA782570,Emberiza schoeniclus,17,11,1988,"Lucio Poco abrigo, Puebla del Rio, Sevilla",España,2,1,M. Vazquez,3,76,19,,,,,,,control
A,2979652,Emberiza schoeniclus,5,11,1987,"La Capeliere, Arles, Bouches de Rhone",Francia,3,1,Extranjero,,,,,,,,,,Anillamiento
C,2979652,Emberiza schoeniclus,4,2,1990,"Lucio Poco abrigo, Puebla del Rio, Sevilla",España,4,1,M. Vazquez,,,,,,,,822,1140,control
A,3323221,Emberiza schoeniclus,11,10,1989,"ST Savinien, Charente Maritime",Francia,3,1,Extranjero,,,,,,,,,,Anillamiento
C,3323221,Emberiza schoeniclus,17,11,1990,"Lucio Poco abrigo, Puebla del Rio, Sevilla",España,4,1,M. Vazquez,,,,,,,,401,1057,control
A,2966907,Sylvia atricapilla,9,2,2003,"Laguna del Gobierno, Lantejuela,Sevilla",España,3,1,M. Vazquez,,,,,,,,,,Anillamiento
C,2966907,Sylvia atricapilla,15,7,2003,"Lelystad, Ijsselmeerpolders",Holanda,2,1,Extranjero,,,,,,,,156,1879,control
A,G87899,Phylloscopus collybita,8,9,2007,"Landgoed de Hoort, Limburg",Holanda,3,2,Extranjero,,,,,,,,,,Anillamiento
C,G87899,Phylloscopus collybita,21,10,2007,"Laguna del Gobierno, Lantejuela,Sevilla",España,2,0,M. Vazquez,,,,,,,,43,1763,control
A,BD07826,Sylvia atricapilla,20,9,2007,"Villeton, Lot et Garonne",Francia,3,1,Extranjero,,,,,,,,,,Anillamiento
C,BD07826,Sylvia atricapilla,3,11,2007,"Laguna del Gobierno, Lantejuela,Sevilla",España,3,1,M. Vazquez,,,,,,,,44,913,control
A,AK02714,Acrocephalus scirpaceus,18,6,2005,"Overijssel, Overijssel ",Holanda,1,0,Extranjero,,,,,,,,,,Anillamiento
C,AK02714,Acrocephalus scirpaceus,25,8,2006,"Caño Navarro, Coria del Rio, Sevilla",España,4,0,M. Vazquez,,,,,,,,433,1941,control
A,3196490,Sturnus vulgaris,22,11,2001,"La Fao, Aznalcazar, Sevilla",España,4,2,M. Vazquez,,,,,,,,,,Anillamiento
C,3196490,Sturnus vulgaris,21,1,2003,"Cast o Sangallo, Roma",Italia,2,0,Extranjero,,,,,,,,425,1692,Cazada con escopeta
A,2A168831,Sylvia atricapilla,10,11,2007,"Los Toruños, El Puerto de Santa Maria, Cadiz",España,3,2,M. Vazquez,,,,,,,,,,Anillamiento
C,2A168831,Sylvia atricapilla,13,4,2009,"Ubersyren, Gran Ducado de Luxemburgo",Luxemburgo,4,2,Extranjero,,75,18.7,,,,,520,1762,control
A,P574855,Motacilla alba yarrellii,21,8,2002,"Rodbaston, Stafford, Staffordshire",Gran Bretaña,3,0,Extranjero,,,,,,,,,,Anillamiento
C,P574855,Motacilla alba yarrellii,14,12,2002,"Huelva, Huelva",España,3,0,Zamalla,,,,,,,,115,1755,control
A,7994732,Motacilla alba ,10,10,2001,"Sourbrodt, Luik, Lieja",Belgica,3,1,Extranjero,,,,,,,,,,Anillamiento
C,7994732,Motacilla alba ,31,1,2003,"San Pablo, Sevilla",España,4,1,M. Vazquez,2,93,26.5,,,,,478,1742,control anilla roja
A,8323554,Motacilla alba ,9,10,2002,"Spixhe, Theux, Luik Lieja",Belgica,3,0,Extranjero,,,,,,,,,,Anillamiento
C,8323554,Motacilla alba ,31,1,2003,"San Pablo, Sevilla",España,5,0,M. Vazquez,3,87.5,24.7,,,,,114,1733,control anilla naranja
A,AD70225,Motacilla alba ,25,3,2002,"Castricum, Noord Holland",Holanda,5,1,Extranjero,,,,,,,,,,Anillamiento
C,AD70225,Motacilla alba ,13,2,2003,"San Pablo, Sevilla",España,4,1,M. Vazquez,3,93,23.8,,,,,325,1874,control anilla naranja
A,VC96434,Motacilla alba ,5,10,2000,"Kreischa, Weiberitzkreis, Dresden",Alemania,2,1,Extranjero,,,,,,,,,,Anillamiento
C,VC96434,Motacilla alba ,25,2,2001,"Dos Hermanas, Sevilla",España,2,0,M. Vazquez,,,,,,,,143,2176,Cazada con escopeta
A,L628086,Motacilla alba ,22,11,2002,"San Pablo, Sevilla",España,3,0,M. Vazquez,,,,,,,,,,Anillamiento
C,L628086,Motacilla alba ,23,4,2004,"Saint Aignan, Loire et Cher",Francia,2,0,Extranjero,,,,,,,,518,1250,Encontrado muerto
A,L765176,Motacilla alba ,13,12,2002,"San Pablo, Sevilla",España,3,0,M. Vazquez,,,,,,,,,,Anillamiento
C,L765176,Motacilla alba ,1,3,2003,"Kampen, Drenthe",Holanda,2,0,Extranjero,,,,,,,,78,1922,Colision contra cristales
A,L765437,Motacilla alba ,20,12,2002,"San Pablo, Sevilla",España,3,0,M. Vazquez,,,,,,,,,,Anillamiento
C,L765437,Motacilla alba ,7,7,2003,"Westerstede Mansie, Weser Ems Excep Islas",Alemania,2,0,Extranjero,,,,,,,,199,2057,Encontrado muerto
A,L768702,Motacilla alba ,13,2,2003,"San Pablo, Sevilla",España,5,0,M. Vazquez,,,,,,,,,,Anillamiento
C,L768702,Motacilla alba ,30,5,2003,"Burghausen, Oberbayern",Alemania,2,0,Extranjero,,,,,,,,106,1936,Encontrado muerto anilla roja
A,L751801,Motacilla alba ,31,1,2003,"San Pablo, Sevilla",España,5,0,M. Vazquez,,,,,,,,,,Anillamiento
C,L751801,Motacilla alba ,15,8,2003,"Düssnitz, Sachsen Anhalt",Alemania,5,1,Extranjero,,,,,,,,196,2171,Colision contra un coche anilla naranja
A,L751891,Motacilla alba ,31,1,2003,"San Pablo, Sevilla",España,5,0,M. Vazquez,,,,,,,,,,Anillamiento
C,L751891,Motacilla alba ,13,6,2005,"Seesen Harz, Braunschweig Inc Hildsh",Alemania,2,0,Extranjero,,,,,,,,864,2045,Encontrado muerto anilla naranja
A,L797360,Motacilla alba ,21,11,2003,"San Pablo, Sevilla",España,3,0,M. Vazquez,,,,,,,,,,Anillamiento
C,L797360,Motacilla alba ,8,4,2005,"Bovense Strand, Fyn",Dinamarca,4,1,Extranjero,,,,,,,,504,2362,control anilla roja leido telescopio
C,L797360,Motacilla alba ,17,4,2006,"Bovense Strand, Fyn",Dinamarca,4,1,Extranjero,,,,,,,,878,2362,control anilla roja leido telescopio
C,L797360,Motacilla alba ,15,7,2006,"Bovense Strand, Fyn",Dinamarca,4,1,Extranjero,,,,,,,,967,2363,Capturada por un gato
A,L797597,Motacilla alba ,4,12,2003,"San Pablo, Sevilla",España,3,0,M. Vazquez,,,,,,,,,,Anillamiento
C,L797597,Motacilla alba ,19,8,2006,"Rheinbach Womersdorf, Köln",Alemania,2,0,Extranjero,,,,,,,,989,1792,Encontrado muerto anilla roja
A,L939258,Motacilla alba ,29,12,2003,"San Pablo, Sevilla",España,3,0,M. Vazquez,,,,,,,,,,Anillamiento
C,L939258,Motacilla alba ,28,9,2004,"Offstein, Rheinhessen Pfalz",Alemania,4,1,Extranjero,,,24.4,,,,,274,1768,control
C,L939258,Motacilla alba ,11,4,2005,"Kreischa, Dresden",Alemania,4,1,Extranjero,,,,,,,,469,2165,control
A,L939525,Motacilla alba ,12,1,2004,"San Pablo, Sevilla",España,5,2,M. Vazquez,,,,,,,,,,Anillamiento
C,L939525,Motacilla alba ,2,8,2004,"Münchhausen Sintshausen, Giessen",Alemania,2,0,Extranjero,,,,,,,,203,1898,Encontrado muerto